#pragma once

#include <array>
#include <cstddef>

namespace vkf::native_kernels {

inline constexpr std::size_t linalg_factor_cholesky_entry = 3472u;
inline constexpr std::size_t linalg_factor_cholesky_96_entry = 6912u;
inline constexpr std::size_t linalg_factor_solve_entry = 0u;
inline constexpr std::size_t linalg_factor_solve_96_entry = 3424u;
inline constexpr std::size_t linalg_factor_lu_entry = 11360u;
inline constexpr std::size_t linalg_factor_lu_96_entry = 15040u;
inline constexpr std::size_t linalg_factor_least_squares_entry = 18880u;
inline constexpr std::array<unsigned char, 23128> linalg_factor_x64_windows = {
    0x48, 0x83, 0xec, 0x38, 0x48, 0x8b, 0x44, 0x24, 0x60, 0xc5, 0xfb, 0x10, 0x44, 0x24, 0x68, 0xc5,
    0xfb, 0x11, 0x44, 0x24, 0x28, 0x48, 0x89, 0x44, 0x24, 0x20, 0xe8, 0x11, 0x00, 0x00, 0x00, 0x48,
    0x83, 0xc4, 0x38, 0xc3, 0x66, 0x66, 0x66, 0x2e, 0x0f, 0x1f, 0x84, 0x00, 0x00, 0x00, 0x00, 0x00,
    0x41, 0x57, 0x41, 0x56, 0x41, 0x55, 0x41, 0x54, 0x56, 0x57, 0x55, 0x53, 0x48, 0x81, 0xec, 0x68,
    0x01, 0x00, 0x00, 0xc5, 0x79, 0x29, 0x94, 0x24, 0x50, 0x01, 0x00, 0x00, 0xc5, 0x79, 0x29, 0x8c,
    0x24, 0x40, 0x01, 0x00, 0x00, 0xc5, 0x79, 0x29, 0x84, 0x24, 0x30, 0x01, 0x00, 0x00, 0xc5, 0xf9,
    0x29, 0xbc, 0x24, 0x20, 0x01, 0x00, 0x00, 0xc5, 0xf9, 0x29, 0xb4, 0x24, 0x10, 0x01, 0x00, 0x00,
    0x48, 0x8b, 0xbc, 0x24, 0xd0, 0x01, 0x00, 0x00, 0x48, 0x85, 0xff, 0x0f, 0x84, 0x93, 0x0c, 0x00,
    0x00, 0x4c, 0x89, 0xcb, 0xc5, 0xfb, 0x10, 0x84, 0x24, 0xd8, 0x01, 0x00, 0x00, 0x48, 0x89, 0xc8,
    0x4c, 0x29, 0xc0, 0x4c, 0x8d, 0x4f, 0xff, 0x4c, 0x89, 0x4c, 0x24, 0x38, 0x48, 0x83, 0xff, 0x04,
    0x41, 0x0f, 0x92, 0xc1, 0x48, 0x3d, 0x80, 0x00, 0x00, 0x00, 0x0f, 0x92, 0xc0, 0x44, 0x08, 0xc8,
    0x49, 0x89, 0xfe, 0x49, 0x83, 0xe6, 0xf0, 0x49, 0x89, 0xfd, 0x49, 0x83, 0xe5, 0xfc, 0x41, 0x89,
    0xfa, 0x41, 0x83, 0xe2, 0x03, 0x4c, 0x89, 0x74, 0x24, 0x08, 0x49, 0xf7, 0xde, 0x4d, 0x8d, 0x78,
    0xe8, 0x4c, 0x8d, 0x0c, 0xfd, 0x00, 0x00, 0x00, 0x00, 0x4c, 0x89, 0x4c, 0x24, 0x30, 0x49, 0xf7,
    0xd9, 0x4c, 0x89, 0x4c, 0x24, 0x18, 0x4c, 0x8d, 0x61, 0xe8, 0x4c, 0x89, 0x6c, 0x24, 0x28, 0x49,
    0xf7, 0xdd, 0x4d, 0x89, 0xc3, 0x4c, 0x89, 0xd5, 0x48, 0xf7, 0xdd, 0x48, 0xf7, 0xdf, 0x48, 0x89,
    0x7c, 0x24, 0x20, 0x45, 0x31, 0xc0, 0x4c, 0x89, 0x5c, 0x24, 0x40, 0x48, 0x89, 0x5c, 0x24, 0x10,
    0xeb, 0x33, 0x66, 0x66, 0x66, 0x66, 0x66, 0x2e, 0x0f, 0x1f, 0x84, 0x00, 0x00, 0x00, 0x00, 0x00,
    0x49, 0xff, 0xc0, 0x4c, 0x8b, 0x4c, 0x24, 0x18, 0x4d, 0x01, 0xcf, 0x4d, 0x01, 0xcc, 0x4d, 0x01,
    0xcb, 0x4c, 0x01, 0xc9, 0x48, 0x8b, 0xb4, 0x24, 0xd0, 0x01, 0x00, 0x00, 0x49, 0x39, 0xf0, 0x0f,
    0x84, 0x9b, 0x01, 0x00, 0x00, 0x4e, 0x8d, 0x0c, 0xc5, 0x00, 0x00, 0x00, 0x00, 0x48, 0x89, 0xd6,
    0x4c, 0x29, 0xce, 0xc5, 0xfb, 0x10, 0x0e, 0x48, 0x89, 0xde, 0x4c, 0x29, 0xce, 0xc5, 0xfb, 0x11,
    0x0e, 0x84, 0xc0, 0x74, 0x0b, 0x45, 0x31, 0xc9, 0xe9, 0xce, 0x00, 0x00, 0x00, 0x0f, 0x1f, 0x00,
    0x48, 0x8b, 0xb4, 0x24, 0xd0, 0x01, 0x00, 0x00, 0x48, 0x83, 0xfe, 0x10, 0x73, 0x12, 0x31, 0xf6,
    0xeb, 0x7e, 0x66, 0x66, 0x66, 0x66, 0x66, 0x2e, 0x0f, 0x1f, 0x84, 0x00, 0x00, 0x00, 0x00, 0x00,
    0x45, 0x31, 0xc9, 0x66, 0x66, 0x66, 0x66, 0x2e, 0x0f, 0x1f, 0x84, 0x00, 0x00, 0x00, 0x00, 0x00,
    0xc4, 0x81, 0x7c, 0x10, 0x4c, 0xcc, 0xa0, 0xc4, 0x81, 0x7c, 0x10, 0x54, 0xcc, 0xc0, 0xc4, 0x81,
    0x7c, 0x10, 0x5c, 0xcc, 0xe0, 0xc4, 0x81, 0x7d, 0x10, 0x24, 0xcc, 0xc4, 0x81, 0x7d, 0x11, 0x24,
    0xcf, 0xc4, 0x81, 0x7c, 0x11, 0x5c, 0xcf, 0xe0, 0xc4, 0x81, 0x7c, 0x11, 0x54, 0xcf, 0xc0, 0xc4,
    0x81, 0x7c, 0x11, 0x4c, 0xcf, 0xa0, 0x49, 0x83, 0xc1, 0xf0, 0x4d, 0x39, 0xce, 0x75, 0xc1, 0x48,
    0x3b, 0x74, 0x24, 0x08, 0x0f, 0x84, 0x36, 0xff, 0xff, 0xff, 0x4c, 0x8b, 0x4c, 0x24, 0x08, 0x4c,
    0x89, 0xce, 0x48, 0x8b, 0xbc, 0x24, 0xd0, 0x01, 0x00, 0x00, 0x40, 0xf6, 0xc7, 0x0c, 0x74, 0x3b,
    0x48, 0xf7, 0xde, 0x66, 0x66, 0x66, 0x66, 0x2e, 0x0f, 0x1f, 0x84, 0x00, 0x00, 0x00, 0x00, 0x00,
    0xc4, 0xc1, 0x7c, 0x10, 0x0c, 0xf4, 0xc4, 0xc1, 0x7c, 0x11, 0x0c, 0xf7, 0x48, 0x83, 0xc6, 0xfc,
    0x49, 0x39, 0xf5, 0x75, 0xeb, 0x48, 0x8b, 0x74, 0x24, 0x28, 0x49, 0x89, 0xf1, 0x48, 0x39, 0xb4,
    0x24, 0xd0, 0x01, 0x00, 0x00, 0x0f, 0x84, 0xe5, 0xfe, 0xff, 0xff, 0x4c, 0x89, 0xcf, 0x4d, 0x85,
    0xd2, 0x74, 0x3a, 0x4a, 0x8d, 0x1c, 0xcd, 0x00, 0x00, 0x00, 0x00, 0x4c, 0x89, 0xde, 0x48, 0x29,
    0xde, 0x48, 0x89, 0xcf, 0x48, 0x29, 0xdf, 0x31, 0xdb, 0x0f, 0x1f, 0x80, 0x00, 0x00, 0x00, 0x00,
    0xc5, 0xfb, 0x10, 0x0c, 0xdf, 0xc5, 0xfb, 0x11, 0x0c, 0xde, 0x48, 0xff, 0xcb, 0x48, 0x39, 0xdd,
    0x75, 0xee, 0x4c, 0x89, 0xcf, 0x48, 0x29, 0xdf, 0x48, 0x8b, 0x5c, 0x24, 0x10, 0x48, 0x8b, 0x74,
    0x24, 0x38, 0x4c, 0x29, 0xce, 0x48, 0x83, 0xfe, 0x03, 0x4c, 0x8b, 0x4c, 0x24, 0x20, 0x0f, 0x82,
    0x8c, 0xfe, 0xff, 0xff, 0x48, 0xf7, 0xdf, 0x66, 0x0f, 0x1f, 0x84, 0x00, 0x00, 0x00, 0x00, 0x00,
    0xc5, 0xfb, 0x10, 0x0c, 0xf9, 0xc4, 0xc1, 0x7b, 0x11, 0x0c, 0xfb, 0xc5, 0xfb, 0x10, 0x4c, 0xf9,
    0xf8, 0xc4, 0xc1, 0x7b, 0x11, 0x4c, 0xfb, 0xf8, 0xc5, 0xfb, 0x10, 0x4c, 0xf9, 0xf0, 0xc4, 0xc1,
    0x7b, 0x11, 0x4c, 0xfb, 0xf0, 0xc5, 0xfb, 0x10, 0x4c, 0xf9, 0xe8, 0xc4, 0xc1, 0x7b, 0x11, 0x4c,
    0xfb, 0xe8, 0x48, 0x83, 0xc7, 0xfc, 0x49, 0x39, 0xf9, 0x75, 0xc5, 0xe9, 0x40, 0xfe, 0xff, 0xff,
    0x48, 0x89, 0xf1, 0x48, 0xc1, 0xe1, 0x04, 0xba, 0x08, 0x00, 0x00, 0x00, 0x48, 0x8b, 0x44, 0x24,
    0x30, 0x48, 0x29, 0xc2, 0x48, 0x8b, 0x6c, 0x24, 0x40, 0x4c, 0x8d, 0x45, 0x08, 0x4c, 0x89, 0x84,
    0x24, 0xb8, 0x00, 0x00, 0x00, 0x49, 0x89, 0xc0, 0x49, 0x83, 0xf0, 0xf8, 0x4c, 0x89, 0x44, 0x24,
    0x50, 0x4c, 0x8d, 0x46, 0xfe, 0x4c, 0x89, 0x84, 0x24, 0xd0, 0x00, 0x00, 0x00, 0x48, 0x89, 0x94,
    0x24, 0xc0, 0x00, 0x00, 0x00, 0x48, 0x01, 0xea, 0x48, 0x89, 0x94, 0x24, 0xb0, 0x00, 0x00, 0x00,
    0x48, 0x89, 0x8c, 0x24, 0xc8, 0x00, 0x00, 0x00, 0x49, 0x89, 0xcf, 0x49, 0xf7, 0xdf, 0x48, 0x8d,
    0x4d, 0xe8, 0x49, 0xc7, 0xc6, 0xe0, 0xff, 0xff, 0xff, 0x48, 0xc7, 0xc2, 0xe0, 0xff, 0xff, 0xff,
    0x48, 0x29, 0xc2, 0x48, 0x89, 0x54, 0x24, 0x78, 0x48, 0x8d, 0x55, 0x88, 0x48, 0x89, 0x94, 0x24,
    0x80, 0x00, 0x00, 0x00, 0x48, 0x89, 0xea, 0x48, 0x29, 0xc2, 0x48, 0x8d, 0x42, 0xc8, 0x48, 0x89,
    0x44, 0x24, 0x68, 0x48, 0x89, 0x54, 0x24, 0x70, 0x48, 0x8d, 0x42, 0xe8, 0x48, 0x89, 0x44, 0x24,
    0x60, 0xb8, 0x04, 0x00, 0x00, 0x00, 0x48, 0x89, 0x84, 0x24, 0xa8, 0x00, 0x00, 0x00, 0xc5, 0xfb,
    0x12, 0x0d, 0x82, 0x56, 0x00, 0x00, 0xc5, 0xfb, 0x12, 0x15, 0x7a, 0x56, 0x00, 0x00, 0xc5, 0xfb,
    0x10, 0x1d, 0x6a, 0x56, 0x00, 0x00, 0x49, 0x89, 0xe8, 0x49, 0x89, 0xcd, 0x48, 0x89, 0x8c, 0x24,
    0x90, 0x00, 0x00, 0x00, 0x49, 0x89, 0xcc, 0x48, 0x89, 0x74, 0x24, 0x48, 0x48, 0x89, 0x6c, 0x24,
    0x58, 0x45, 0x31, 0xd2, 0x4c, 0x89, 0xbc, 0x24, 0xd8, 0x00, 0x00, 0x00, 0xeb, 0x71, 0x66, 0x90,
    0x48, 0x83, 0x44, 0x24, 0x58, 0xf8, 0x48, 0xff, 0x4c, 0x24, 0x48, 0x48, 0x8b, 0x4c, 0x24, 0x50,
    0x4c, 0x8b, 0xa4, 0x24, 0x88, 0x00, 0x00, 0x00, 0x49, 0x01, 0xcc, 0x4c, 0x8b, 0xac, 0x24, 0xe0,
    0x00, 0x00, 0x00, 0x49, 0x83, 0xc5, 0xf8, 0x48, 0x8b, 0x44, 0x24, 0x18, 0x49, 0x01, 0xc0, 0x49,
    0x01, 0xce, 0x48, 0x01, 0x4c, 0x24, 0x78, 0x48, 0xff, 0x84, 0x24, 0xa8, 0x00, 0x00, 0x00, 0x48,
    0x01, 0x84, 0x24, 0x80, 0x00, 0x00, 0x00, 0x48, 0x01, 0x44, 0x24, 0x68, 0x48, 0x01, 0x44, 0x24,
    0x60, 0x48, 0x01, 0x84, 0x24, 0x90, 0x00, 0x00, 0x00, 0x48, 0x01, 0x44, 0x24, 0x70, 0x49, 0x39,
    0xf2, 0x4c, 0x8b, 0xbc, 0x24, 0xd8, 0x00, 0x00, 0x00, 0x0f, 0x84, 0xc3, 0x06, 0x00, 0x00, 0x4c,
    0x89, 0xd7, 0x4c, 0x89, 0xd0, 0x48, 0x0f, 0xaf, 0xc6, 0x48, 0x89, 0x84, 0x24, 0x98, 0x00, 0x00,
    0x00, 0x4c, 0x01, 0xd0, 0x48, 0x8d, 0x0c, 0xc5, 0x00, 0x00, 0x00, 0x00, 0x48, 0x89, 0xea, 0x48,
    0x29, 0xca, 0xc5, 0xfb, 0x10, 0x22, 0xc5, 0xd9, 0x54, 0xe9, 0x4d, 0x8d, 0x5a, 0x01, 0x49, 0x39,
    0xf3, 0x4c, 0x89, 0x54, 0x24, 0x08, 0x0f, 0x83, 0xc4, 0x00, 0x00, 0x00, 0x48, 0x8b, 0x4c, 0x24,
    0x38, 0x41, 0x89, 0xca, 0x41, 0x29, 0xfa, 0x4c, 0x89, 0xda, 0x49, 0x89, 0xf9, 0x41, 0xf6, 0xc2,
    0x01, 0x74, 0x2d, 0x48, 0x89, 0xf9, 0x48, 0xf7, 0xd1, 0x48, 0x0f, 0xaf, 0xce, 0x48, 0x29, 0xf9,
    0xc5, 0xfb, 0x10, 0x74, 0xcd, 0x00, 0xc5, 0xc9, 0x54, 0xf1, 0xc5, 0xf9, 0x2e, 0xf5, 0x48, 0x89,
    0xf9, 0x49, 0x0f, 0x47, 0xcb, 0xc5, 0xcb, 0x5f, 0xed, 0x48, 0x8d, 0x57, 0x02, 0x49, 0x89, 0xc9,
    0x48, 0x39, 0xbc, 0x24, 0xd0, 0x00, 0x00, 0x00, 0x74, 0x79, 0x49, 0x89, 0xd2, 0x49, 0xf7, 0xd2,
    0x4c, 0x0f, 0xaf, 0x54, 0x24, 0x30, 0x4c, 0x8b, 0x5c, 0x24, 0x18, 0x4c, 0x0f, 0xaf, 0xda, 0x48,
    0x8b, 0x7c, 0x24, 0x58, 0x66, 0x66, 0x66, 0x2e, 0x0f, 0x1f, 0x84, 0x00, 0x00, 0x00, 0x00, 0x00,
    0xc4, 0xa1, 0x7b, 0x10, 0x34, 0x1f, 0xc5, 0xc9, 0x54, 0xf2, 0xc5, 0xf9, 0x2e, 0xf5, 0x4c, 0x0f,
    0x47, 0xca, 0xc5, 0xcb, 0x5f, 0xed, 0xc4, 0xa1, 0x7b, 0x10, 0x34, 0x17, 0xc5, 0xc9, 0x54, 0xf2,
    0x48, 0x8d, 0x4a, 0x01, 0xc5, 0xf9, 0x2e, 0xf5, 0x49, 0x0f, 0x46, 0xc9, 0xc5, 0xcb, 0x5f, 0xed,
    0x4c, 0x01, 0xff, 0x48, 0x83, 0xc2, 0x02, 0x49, 0x89, 0xc9, 0x48, 0x39, 0xf2, 0x75, 0xc1, 0xeb,
    0x12, 0x66, 0x66, 0x66, 0x66, 0x66, 0x66, 0x2e, 0x0f, 0x1f, 0x84, 0x00, 0x00, 0x00, 0x00, 0x00,
    0x48, 0x89, 0xf9, 0xc5, 0xf9, 0x2e, 0xe8, 0x0f, 0x86, 0xae, 0x05, 0x00, 0x00, 0x4c, 0x89, 0xa4,
    0x24, 0x88, 0x00, 0x00, 0x00, 0x48, 0x8b, 0x54, 0x24, 0x18, 0x4c, 0x8b, 0x4c, 0x24, 0x08, 0x49,
    0x0f, 0xaf, 0xd1, 0x4c, 0x39, 0xc9, 0x0f, 0x84, 0xff, 0x01, 0x00, 0x00, 0x48, 0x89, 0xf7, 0x4c,
    0x29, 0xcf, 0x4e, 0x8d, 0x14, 0xcd, 0x00, 0x00, 0x00, 0x00, 0x4d, 0x89, 0xd3, 0x49, 0xf7, 0xdb,
    0x48, 0x83, 0xff, 0x08, 0x0f, 0x82, 0xe6, 0x00, 0x00, 0x00, 0x4c, 0x8b, 0x4c, 0x24, 0x50, 0x4c,
    0x0f, 0xaf, 0x4c, 0x24, 0x08, 0x49, 0x01, 0xe9, 0x49, 0x83, 0xc1, 0x08, 0x48, 0x89, 0xce, 0x48,
    0xf7, 0xd6, 0x48, 0x0f, 0xaf, 0xb4, 0x24, 0xd0, 0x01, 0x00, 0x00, 0x48, 0x8b, 0x9c, 0x24, 0xb8,
    0x00, 0x00, 0x00, 0x48, 0x8d, 0x34, 0xf3, 0x4c, 0x8b, 0x7c, 0x24, 0x18, 0x4c, 0x0f, 0xaf, 0xf9,
    0x4c, 0x39, 0xce, 0x73, 0x2a, 0x49, 0x8d, 0x34, 0x2b, 0x48, 0x83, 0xc6, 0x08, 0x4c, 0x8b, 0x8c,
    0x24, 0xb0, 0x00, 0x00, 0x00, 0x49, 0x8d, 0x1c, 0x11, 0x4c, 0x01, 0xfe, 0x4c, 0x8b, 0x4c, 0x24,
    0x08, 0x48, 0x39, 0xf3, 0x48, 0x8b, 0x5c, 0x24, 0x10, 0x0f, 0x82, 0x81, 0x00, 0x00, 0x00, 0x4c,
    0x89, 0x54, 0x24, 0x28, 0x48, 0x8b, 0x74, 0x24, 0x48, 0x48, 0x83, 0xe6, 0xf8, 0x48, 0xf7, 0xde,
    0x48, 0x89, 0xfb, 0x48, 0x83, 0xe3, 0xf8, 0x4c, 0x8b, 0x4c, 0x24, 0x08, 0x49, 0x01, 0xd9, 0x4d,
    0x01, 0xef, 0x45, 0x31, 0xe4, 0x4c, 0x8b, 0x94, 0x24, 0x88, 0x00, 0x00, 0x00, 0x0f, 0x1f, 0x00,
    0xc4, 0x81, 0x7d, 0x10, 0x64, 0xe7, 0xe0, 0xc4, 0x81, 0x7d, 0x10, 0x2c, 0xe7, 0xc4, 0x81, 0x7d,
    0x10, 0x74, 0xe2, 0xe0, 0xc4, 0x81, 0x7d, 0x10, 0x3c, 0xe2, 0xc4, 0x81, 0x7d, 0x11, 0x3c, 0xe7,
    0xc4, 0x81, 0x7d, 0x11, 0x74, 0xe7, 0xe0, 0xc4, 0x81, 0x7d, 0x11, 0x2c, 0xe2, 0xc4, 0x81, 0x7d,
    0x11, 0x64, 0xe2, 0xe0, 0x49, 0x83, 0xc4, 0xf8, 0x4c, 0x39, 0xe6, 0x75, 0xc3, 0x48, 0x39, 0xdf,
    0x48, 0x8b, 0x5c, 0x24, 0x10, 0x4c, 0x8b, 0x54, 0x24, 0x28, 0x0f, 0x84, 0xbd, 0x00, 0x00, 0x00,
    0x4c, 0x8b, 0xbc, 0x24, 0xd0, 0x01, 0x00, 0x00, 0x44, 0x89, 0xfe, 0x44, 0x29, 0xce, 0x49, 0x8d,
    0x79, 0x01, 0x40, 0xf6, 0xc6, 0x01, 0x74, 0x49, 0x48, 0x89, 0xce, 0x49, 0x0f, 0xaf, 0xf7, 0x4c,
    0x01, 0xce, 0x48, 0xc1, 0xe6, 0x03, 0x48, 0x89, 0xeb, 0x48, 0x29, 0xf3, 0x48, 0xf7, 0xde, 0xc5,
    0xfb, 0x10, 0x23, 0x4c, 0x03, 0x8c, 0x24, 0x98, 0x00, 0x00, 0x00, 0x49, 0xc1, 0xe1, 0x03, 0x48,
    0x89, 0xeb, 0x4c, 0x29, 0xcb, 0x49, 0xf7, 0xd9, 0xc5, 0xfb, 0x10, 0x2b, 0x48, 0x8b, 0x5c, 0x24,
    0x10, 0xc5, 0xfb, 0x11, 0x6c, 0x35, 0x00, 0xc4, 0xa1, 0x7b, 0x11, 0x64, 0x0d, 0x00, 0x49, 0x89,
    0xf9, 0x49, 0x39, 0xff, 0x48, 0x8b, 0x7c, 0x24, 0x20, 0x74, 0x52, 0x49, 0xf7, 0xd9, 0x48, 0x8b,
    0x74, 0x24, 0x18, 0x48, 0x0f, 0xaf, 0xf1, 0x48, 0x01, 0xee, 0x66, 0x0f, 0x1f, 0x44, 0x00, 0x00,
    0xc4, 0xa1, 0x7b, 0x10, 0x24, 0xce, 0xc4, 0x81, 0x7b, 0x10, 0x2c, 0xc8, 0xc4, 0xa1, 0x7b, 0x11,
    0x2c, 0xce, 0xc4, 0x81, 0x7b, 0x11, 0x24, 0xc8, 0xc4, 0xa1, 0x7b, 0x10, 0x64, 0xce, 0xf8, 0xc4,
    0x81, 0x7b, 0x10, 0x6c, 0xc8, 0xf8, 0xc4, 0xa1, 0x7b, 0x11, 0x6c, 0xce, 0xf8, 0xc4, 0x81, 0x7b,
    0x11, 0x64, 0xc8, 0xf8, 0x49, 0x83, 0xc1, 0xfe, 0x4c, 0x39, 0xcf, 0x75, 0xc3, 0x48, 0xf7, 0xd8,
    0x48, 0xc1, 0xe1, 0x03, 0x49, 0x89, 0xd9, 0x49, 0x29, 0xc9, 0x48, 0xf7, 0xd9, 0xc4, 0xc1, 0x7b,
    0x10, 0x21, 0x49, 0x89, 0xd9, 0x4d, 0x29, 0xd1, 0xc4, 0xc1, 0x7b, 0x10, 0x29, 0xc5, 0xfb, 0x11,
    0x2c, 0x0b, 0xc4, 0xa1, 0x7b, 0x11, 0x24, 0x1b, 0xc5, 0xfb, 0x10, 0x64, 0xc5, 0x00, 0x48, 0x8b,
    0xb4, 0x24, 0xd0, 0x01, 0x00, 0x00, 0x4c, 0x8b, 0x4c, 0x24, 0x08, 0x4c, 0x89, 0xac, 0x24, 0xe0,
    0x00, 0x00, 0x00, 0x4d, 0x8d, 0x51, 0x01, 0x49, 0x39, 0xf2, 0x0f, 0x83, 0x50, 0xfc, 0xff, 0xff,
    0x48, 0x89, 0xd0, 0x48, 0x2b, 0x84, 0x24, 0xc8, 0x00, 0x00, 0x00, 0x48, 0x8b, 0x8c, 0x24, 0xc0,
    0x00, 0x00, 0x00, 0x48, 0x01, 0xd1, 0x48, 0x01, 0xe9, 0x48, 0x89, 0x8c, 0x24, 0xe8, 0x00, 0x00,
    0x00, 0x48, 0x8d, 0x0c, 0x2a, 0x48, 0x83, 0xc1, 0x08, 0x48, 0x89, 0x8c, 0x24, 0xf8, 0x00, 0x00,
    0x00, 0x49, 0x8d, 0x49, 0x04, 0x48, 0x89, 0x8c, 0x24, 0x08, 0x01, 0x00, 0x00, 0x4c, 0x89, 0xc9,
    0x48, 0xf7, 0xd9, 0x48, 0x89, 0x8c, 0x24, 0x00, 0x01, 0x00, 0x00, 0x48, 0x01, 0xe8, 0x48, 0x83,
    0xc0, 0x08, 0x48, 0x89, 0x84, 0x24, 0xf0, 0x00, 0x00, 0x00, 0xc5, 0xe3, 0x5e, 0xe4, 0x48, 0x8b,
    0x4c, 0x24, 0x70, 0x48, 0x8b, 0x44, 0x24, 0x60, 0x48, 0x8b, 0x54, 0x24, 0x68, 0x48, 0x89, 0x54,
    0x24, 0x28, 0x4c, 0x8b, 0x7c, 0x24, 0x78, 0x45, 0x31, 0xed, 0x4d, 0x89, 0xd4, 0xeb, 0x56, 0x90,
    0x48, 0x8b, 0x94, 0x24, 0x00, 0x01, 0x00, 0x00, 0xc5, 0xfb, 0x10, 0x34, 0xd3, 0x4a, 0x8d, 0x14,
    0xe5, 0x00, 0x00, 0x00, 0x00, 0x49, 0x89, 0xd9, 0x49, 0x29, 0xd1, 0x48, 0xf7, 0xda, 0xc4, 0xc2,
    0xc9, 0xad, 0x29, 0xc5, 0xfb, 0x11, 0x2c, 0x13, 0x49, 0xff, 0xc4, 0x49, 0xff, 0xc5, 0x4c, 0x2b,
    0x7c, 0x24, 0x30, 0x48, 0x8b, 0x54, 0x24, 0x18, 0x48, 0x01, 0x54, 0x24, 0x28, 0x48, 0x01, 0xd0,
    0x48, 0x01, 0xd1, 0x49, 0x39, 0xf4, 0x4c, 0x8b, 0x4c, 0x24, 0x08, 0x4d, 0x8d, 0x51, 0x01, 0x0f,
    0x84, 0x7b, 0xfb, 0xff, 0xff, 0x4d, 0x89, 0xe3, 0x4c, 0x0f, 0xaf, 0xde, 0x4b, 0x8d, 0x14, 0x19,
    0x48, 0xc1, 0xe2, 0x03, 0x49, 0x89, 0xe9, 0x49, 0x29, 0xd1, 0xc4, 0xc1, 0x5b, 0x59, 0x29, 0x49,
    0xc7, 0x01, 0x00, 0x00, 0x00, 0x00, 0xc4, 0xe2, 0x7d, 0x19, 0xf5, 0x4c, 0x89, 0xd2, 0x4c, 0x8b,
    0x8c, 0x24, 0xa8, 0x00, 0x00, 0x00, 0x49, 0x89, 0xea, 0x48, 0x39, 0xb4, 0x24, 0x08, 0x01, 0x00,
    0x00, 0x73, 0x33, 0x66, 0x66, 0x66, 0x66, 0x2e, 0x0f, 0x1f, 0x84, 0x00, 0x00, 0x00, 0x00, 0x00,
    0xc4, 0x81, 0x7d, 0x10, 0x3c, 0x32, 0xc4, 0x82, 0xcd, 0xac, 0x3c, 0x3a, 0xc4, 0x81, 0x7d, 0x11,
    0x3c, 0x3a, 0x49, 0x83, 0xc2, 0xe0, 0x49, 0x83, 0xc1, 0x04, 0x49, 0x39, 0xf1, 0x72, 0xe1, 0x49,
    0x83, 0xc1, 0xfd, 0x4c, 0x89, 0xca, 0x48, 0x89, 0xf7, 0x48, 0x29, 0xd7, 0x0f, 0x86, 0x2e, 0xff,
    0xff, 0xff, 0x48, 0x83, 0xff, 0x04, 0x0f, 0x82, 0x84, 0x01, 0x00, 0x00, 0x48, 0x89, 0xeb, 0x4c,
    0x8b, 0x4c, 0x24, 0x18, 0x4d, 0x0f, 0xaf, 0xcd, 0x4c, 0x8b, 0x94, 0x24, 0xf0, 0x00, 0x00, 0x00,
    0x4d, 0x01, 0xca, 0x48, 0x8d, 0x2c, 0xd5, 0x00, 0x00, 0x00, 0x00, 0x48, 0x8b, 0xb4, 0x24, 0xf8,
    0x00, 0x00, 0x00, 0x48, 0x29, 0xee, 0x49, 0x39, 0xf2, 0x48, 0x89, 0xee, 0x73, 0x28, 0x4c, 0x8b,
    0x94, 0x24, 0xe8, 0x00, 0x00, 0x00, 0x4d, 0x01, 0xd1, 0x49, 0x29, 0xf1, 0x4d, 0x39, 0xca, 0x73,
    0x15, 0x48, 0x8b, 0xb4, 0x24, 0xd0, 0x01, 0x00, 0x00, 0x48, 0x89, 0xdd, 0x48, 0x8b, 0x5c, 0x24,
    0x10, 0xe9, 0x2a, 0x01, 0x00, 0x00, 0x48, 0x83, 0xff, 0x10, 0x48, 0x89, 0xb4, 0x24, 0xa0, 0x00,
    0x00, 0x00, 0x73, 0x08, 0x45, 0x31, 0xd2, 0xe9, 0xa1, 0x00, 0x00, 0x00, 0x49, 0x89, 0xfa, 0x49,
    0x83, 0xe2, 0xf0, 0x4c, 0x89, 0xd3, 0x48, 0xf7, 0xdb, 0x4c, 0x8b, 0x8c, 0x24, 0x80, 0x00, 0x00,
    0x00, 0x49, 0x29, 0xf1, 0x48, 0x8b, 0x6c, 0x24, 0x28, 0x48, 0x29, 0xf5, 0x31, 0xf6, 0x66, 0x90,
    0xc4, 0xc1, 0x7d, 0x10, 0x3c, 0xf1, 0xc4, 0x41, 0x7d, 0x10, 0x44, 0xf1, 0x20, 0xc4, 0x41, 0x7d,
    0x10, 0x4c, 0xf1, 0x40, 0xc4, 0x41, 0x7d, 0x10, 0x54, 0xf1, 0x60, 0xc4, 0x62, 0xcd, 0xac, 0x54,
    0xf5, 0x20, 0xc4, 0x62, 0xcd, 0xac, 0x4c, 0xf5, 0x00, 0xc4, 0x62, 0xcd, 0xac, 0x44, 0xf5, 0xe0,
    0xc4, 0xe2, 0xcd, 0xac, 0x7c, 0xf5, 0xc0, 0xc5, 0x7d, 0x11, 0x54, 0xf5, 0x20, 0xc5, 0x7d, 0x11,
    0x4c, 0xf5, 0x00, 0xc5, 0x7d, 0x11, 0x44, 0xf5, 0xe0, 0xc5, 0xfd, 0x11, 0x7c, 0xf5, 0xc0, 0x48,
    0x83, 0xc6, 0xf0, 0x48, 0x39, 0xf3, 0x75, 0xa8, 0x4c, 0x39, 0xd7, 0x48, 0x8b, 0x5c, 0x24, 0x10,
    0x48, 0x8b, 0x6c, 0x24, 0x40, 0x48, 0x8b, 0xb4, 0x24, 0xd0, 0x01, 0x00, 0x00, 0x0f, 0x84, 0x1d,
    0xfe, 0xff, 0xff, 0x40, 0xf6, 0xc7, 0x0c, 0x0f, 0x84, 0x06, 0x01, 0x00, 0x00, 0x49, 0x89, 0xf9,
    0x49, 0x83, 0xe1, 0xfc, 0x4c, 0x01, 0xca, 0x4c, 0x89, 0xce, 0x48, 0xf7, 0xde, 0x49, 0xf7, 0xda,
    0x48, 0x89, 0xc3, 0x48, 0x2b, 0x9c, 0x24, 0xa0, 0x00, 0x00, 0x00, 0x48, 0x8b, 0xac, 0x24, 0x90,
    0x00, 0x00, 0x00, 0x48, 0x2b, 0xac, 0x24, 0xa0, 0x00, 0x00, 0x00, 0x0f, 0x1f, 0x44, 0x00, 0x00,
    0xc4, 0xa1, 0x7d, 0x10, 0x7c, 0xd5, 0x00, 0xc4, 0xa2, 0xcd, 0xac, 0x3c, 0xd3, 0xc4, 0xa1, 0x7d,
    0x11, 0x3c, 0xd3, 0x49, 0x83, 0xc2, 0xfc, 0x4c, 0x39, 0xd6, 0x75, 0xe4, 0x4c, 0x39, 0xcf, 0x48,
    0x8b, 0x5c, 0x24, 0x10, 0x48, 0x8b, 0x6c, 0x24, 0x40, 0x48, 0x8b, 0xb4, 0x24, 0xd0, 0x01, 0x00,
    0x00, 0x0f, 0x84, 0xa9, 0xfd, 0xff, 0xff, 0x66, 0x0f, 0x1f, 0x84, 0x00, 0x00, 0x00, 0x00, 0x00,
    0x41, 0x89, 0xf2, 0x41, 0x29, 0xd2, 0x4c, 0x8d, 0x4a, 0x01, 0x41, 0xf6, 0xc2, 0x01, 0x74, 0x38,
    0x4c, 0x8b, 0x94, 0x24, 0x98, 0x00, 0x00, 0x00, 0x49, 0x01, 0xd2, 0x49, 0xc1, 0xe2, 0x03, 0x49,
    0xf7, 0xda, 0xc4, 0xa1, 0x7b, 0x10, 0x74, 0x15, 0x00, 0x49, 0x01, 0xd3, 0x49, 0xc1, 0xe3, 0x03,
    0x48, 0x89, 0xea, 0x4c, 0x29, 0xda, 0x49, 0xf7, 0xdb, 0xc4, 0xe2, 0xd1, 0xad, 0x32, 0xc4, 0xa1,
    0x7b, 0x11, 0x74, 0x1d, 0x00, 0x4c, 0x89, 0xca, 0x4c, 0x39, 0xce, 0x4c, 0x8b, 0x4c, 0x24, 0x20,
    0x0f, 0x84, 0x4a, 0xfd, 0xff, 0xff, 0x48, 0xf7, 0xda, 0x0f, 0x1f, 0x80, 0x00, 0x00, 0x00, 0x00,
    0xc4, 0xc1, 0x7b, 0x10, 0x34, 0xd0, 0xc4, 0xe2, 0xd1, 0xad, 0x34, 0xd1, 0xc5, 0xfb, 0x11, 0x34,
    0xd1, 0xc4, 0xc1, 0x7b, 0x10, 0x74, 0xd0, 0xf8, 0xc4, 0xe2, 0xd1, 0xad, 0x74, 0xd1, 0xf8, 0xc5,
    0xfb, 0x11, 0x74, 0xd1, 0xf8, 0x48, 0x83, 0xc2, 0xfe, 0x49, 0x39, 0xd1, 0x75, 0xd2, 0xe9, 0x0d,
    0xfd, 0xff, 0xff, 0x4c, 0x01, 0xd2, 0xe9, 0x65, 0xff, 0xff, 0xff, 0x31, 0xc0, 0xe9, 0x17, 0x02,
    0x00, 0x00, 0x48, 0x89, 0xf0, 0x48, 0xf7, 0xd0, 0x48, 0x89, 0xd9, 0x48, 0x2b, 0x4c, 0x24, 0x30,
    0x48, 0x83, 0xc1, 0xe8, 0x48, 0x89, 0xf2, 0x48, 0x0f, 0xaf, 0xd6, 0x48, 0xc1, 0xe2, 0x03, 0x48,
    0xf7, 0xda, 0x48, 0x01, 0xea, 0x48, 0x83, 0xc2, 0xe8, 0x4c, 0x8d, 0x04, 0xf5, 0x08, 0x00, 0x00,
    0x00, 0x4c, 0x8b, 0x54, 0x24, 0x38, 0x4c, 0x0f, 0xaf, 0xd6, 0x49, 0xc1, 0xe2, 0x03, 0x49, 0x89,
    0xe9, 0x4d, 0x29, 0xd1, 0x31, 0xff, 0x49, 0x89, 0xf6, 0xeb, 0x34, 0x0f, 0x1f, 0x44, 0x00, 0x00,
    0x49, 0xff, 0xce, 0x4d, 0x89, 0xf2, 0x4c, 0x0f, 0xaf, 0xd0, 0xc4, 0xa1, 0x7b, 0x5e, 0x44, 0xd5,
    0x00, 0xc4, 0xa1, 0x7b, 0x11, 0x04, 0xdb, 0x48, 0xff, 0xc7, 0x48, 0x83, 0xc1, 0x08, 0x4c, 0x01,
    0xc2, 0x4c, 0x03, 0x4c, 0x24, 0x30, 0x4d, 0x85, 0xf6, 0x0f, 0x84, 0x95, 0x01, 0x00, 0x00, 0x41,
    0xbb, 0x01, 0x00, 0x00, 0x00, 0x4d, 0x29, 0xf3, 0xc4, 0xa1, 0x7a, 0x7e, 0x04, 0xdb, 0x49, 0x39,
    0xf6, 0x73, 0xbd, 0x48, 0x83, 0xff, 0x04, 0x73, 0x17, 0x4d, 0x89, 0xf7, 0x4c, 0x8b, 0x54, 0x24,
    0x20, 0xe9, 0x47, 0x01, 0x00, 0x00, 0x66, 0x2e, 0x0f, 0x1f, 0x84, 0x00, 0x00, 0x00, 0x00, 0x00,
    0x48, 0x83, 0xff, 0x10, 0x73, 0x08, 0x45, 0x31, 0xd2, 0xe9, 0xbb, 0x00, 0x00, 0x00, 0x49, 0x89,
    0xfa, 0x49, 0x83, 0xe2, 0xf0, 0x4d, 0x89, 0xd7, 0x49, 0xf7, 0xdf, 0xc5, 0xfa, 0x7e, 0xc0, 0xc5,
    0xf1, 0x57, 0xc9, 0x45, 0x31, 0xe4, 0xc5, 0xe9, 0x57, 0xd2, 0xc5, 0xe1, 0x57, 0xdb, 0x66, 0x90,
    0xc4, 0xa1, 0x7d, 0x10, 0x64, 0xe1, 0xa0, 0xc4, 0xa1, 0x7d, 0x10, 0x6c, 0xe1, 0xc0, 0xc4, 0xa1,
    0x7d, 0x10, 0x74, 0xe1, 0xe0, 0xc4, 0xa1, 0x7d, 0x10, 0x3c, 0xe1, 0xc4, 0xa1, 0x45, 0x59, 0x3c,
    0xe2, 0xc4, 0xe3, 0xfd, 0x01, 0xff, 0x1b, 0xc5, 0xfd, 0x5c, 0xc7, 0xc4, 0xa1, 0x4d, 0x59, 0x74,
    0xe2, 0xe0, 0xc4, 0xe3, 0xfd, 0x01, 0xf6, 0x1b, 0xc5, 0xf5, 0x5c, 0xce, 0xc4, 0xa1, 0x55, 0x59,
    0x6c, 0xe2, 0xc0, 0xc4, 0xe3, 0xfd, 0x01, 0xed, 0x1b, 0xc5, 0xed, 0x5c, 0xd5, 0xc4, 0xa1, 0x5d,
    0x59, 0x64, 0xe2, 0xa0, 0xc4, 0xe3, 0xfd, 0x01, 0xe4, 0x1b, 0xc5, 0xe5, 0x5c, 0xdc, 0x49, 0x83,
    0xc4, 0xf0, 0x4d, 0x39, 0xe7, 0x75, 0x99, 0xc5, 0xf5, 0x58, 0xc0, 0xc5, 0xe5, 0x58, 0xca, 0xc5,
    0xf5, 0x58, 0xc0, 0xc4, 0xe3, 0x7d, 0x19, 0xc1, 0x01, 0xc5, 0xf9, 0x58, 0xc1, 0xc5, 0xf9, 0xc6,
    0xc8, 0x01, 0xc5, 0xfb, 0x58, 0xc1, 0x4c, 0x39, 0xd7, 0x0f, 0x84, 0xe1, 0xfe, 0xff, 0xff, 0x40,
    0xf6, 0xc7, 0x0c, 0x0f, 0x84, 0x90, 0x00, 0x00, 0x00, 0x48, 0x89, 0xfb, 0x48, 0x83, 0xe3, 0xfc,
    0x48, 0x89, 0xde, 0x48, 0xf7, 0xde, 0x4d, 0x8d, 0x3c, 0x1e, 0xc5, 0xfa, 0x7e, 0xc0, 0x49, 0xf7,
    0xda, 0x66, 0x66, 0x66, 0x66, 0x66, 0x66, 0x2e, 0x0f, 0x1f, 0x84, 0x00, 0x00, 0x00, 0x00, 0x00,
    0xc4, 0xa1, 0x7d, 0x10, 0x0c, 0xd1, 0xc4, 0xa1, 0x75, 0x59, 0x0c, 0xd2, 0xc4, 0xe3, 0xfd, 0x01,
    0xc9, 0x1b, 0xc5, 0xfd, 0x5c, 0xc1, 0x49, 0x83, 0xc2, 0xfc, 0x4c, 0x39, 0xd6, 0x75, 0xe1, 0xc4,
    0xe3, 0x7d, 0x19, 0xc1, 0x01, 0xc5, 0xf9, 0x58, 0xc1, 0xc5, 0xf9, 0xc6, 0xc8, 0x01, 0xc5, 0xfb,
    0x58, 0xc1, 0x48, 0x39, 0xdf, 0x48, 0x8b, 0x5c, 0x24, 0x10, 0x48, 0x8b, 0xb4, 0x24, 0xd0, 0x01,
    0x00, 0x00, 0x4c, 0x8b, 0x54, 0x24, 0x20, 0x0f, 0x84, 0x63, 0xfe, 0xff, 0xff, 0x49, 0xf7, 0xdf,
    0xc4, 0xa1, 0x7b, 0x10, 0x0c, 0xfb, 0xc4, 0x82, 0xf1, 0xbd, 0x04, 0xf9, 0x49, 0xff, 0xcf, 0x4d,
    0x39, 0xfa, 0x75, 0xec, 0xe9, 0x47, 0xfe, 0xff, 0xff, 0x4d, 0x01, 0xf2, 0x4d, 0x89, 0xd7, 0xe9,
    0x88, 0xfe, 0xff, 0xff, 0xb8, 0x01, 0x00, 0x00, 0x00, 0xc5, 0xf8, 0x28, 0xb4, 0x24, 0x10, 0x01,
    0x00, 0x00, 0xc5, 0xf8, 0x28, 0xbc, 0x24, 0x20, 0x01, 0x00, 0x00, 0xc5, 0x78, 0x28, 0x84, 0x24,
    0x30, 0x01, 0x00, 0x00, 0xc5, 0x78, 0x28, 0x8c, 0x24, 0x40, 0x01, 0x00, 0x00, 0xc5, 0x78, 0x28,
    0x94, 0x24, 0x50, 0x01, 0x00, 0x00, 0x48, 0x81, 0xc4, 0x68, 0x01, 0x00, 0x00, 0x5b, 0x5d, 0x5f,
    0x5e, 0x41, 0x5c, 0x41, 0x5d, 0x41, 0x5e, 0x41, 0x5f, 0xc5, 0xf8, 0x77, 0xc3, 0x0f, 0x1f, 0x00,
    0x48, 0x83, 0xec, 0x38, 0xc5, 0xfb, 0x10, 0x44, 0x24, 0x68, 0xc5, 0xfb, 0x11, 0x44, 0x24, 0x28,
    0x48, 0xc7, 0x44, 0x24, 0x20, 0x60, 0x00, 0x00, 0x00, 0xe8, 0xb2, 0xf2, 0xff, 0xff, 0x48, 0x83,
    0xc4, 0x38, 0xc3, 0x66, 0x66, 0x66, 0x66, 0x2e, 0x0f, 0x1f, 0x84, 0x00, 0x00, 0x00, 0x00, 0x00,
    0x41, 0x57, 0x41, 0x56, 0x41, 0x55, 0x41, 0x54, 0x56, 0x57, 0x55, 0x53, 0x48, 0x81, 0xec, 0x68,
    0x01, 0x00, 0x00, 0xc5, 0x79, 0x29, 0xac, 0x24, 0x50, 0x01, 0x00, 0x00, 0xc5, 0x79, 0x29, 0xa4,
    0x24, 0x40, 0x01, 0x00, 0x00, 0xc5, 0x79, 0x29, 0x9c, 0x24, 0x30, 0x01, 0x00, 0x00, 0xc5, 0x79,
    0x29, 0x94, 0x24, 0x20, 0x01, 0x00, 0x00, 0xc5, 0x79, 0x29, 0x8c, 0x24, 0x10, 0x01, 0x00, 0x00,
    0xc5, 0x79, 0x29, 0x84, 0x24, 0x00, 0x01, 0x00, 0x00, 0xc5, 0xf9, 0x29, 0xbc, 0x24, 0xf0, 0x00,
    0x00, 0x00, 0xc5, 0xf9, 0x29, 0xb4, 0x24, 0xe0, 0x00, 0x00, 0x00, 0x48, 0x89, 0x4c, 0x24, 0x38,
    0xb8, 0x01, 0x00, 0x00, 0x00, 0x4d, 0x85, 0xc0, 0x0f, 0x84, 0x97, 0x0c, 0x00, 0x00, 0x49, 0x89,
    0xd6, 0x4c, 0x8d, 0x6a, 0xe8, 0x4e, 0x8d, 0x1c, 0xc5, 0x00, 0x00, 0x00, 0x00, 0x49, 0x89, 0xd2,
    0x4d, 0x29, 0xda, 0x4b, 0x8d, 0x04, 0x5b, 0x49, 0xf7, 0xdb, 0x48, 0x8d, 0x4a, 0xc8, 0x48, 0x89,
    0x4c, 0x24, 0x18, 0x49, 0x8d, 0x72, 0xe8, 0x4c, 0x89, 0xc1, 0x48, 0xc1, 0xe1, 0x05, 0x48, 0x29,
    0xca, 0x48, 0xf7, 0xd9, 0x48, 0x89, 0x8c, 0x24, 0xd8, 0x00, 0x00, 0x00, 0x48, 0x89, 0x54, 0x24,
    0x70, 0x48, 0x8d, 0x4a, 0xe8, 0x48, 0x89, 0x4c, 0x24, 0x68, 0x4c, 0x89, 0xf1, 0x48, 0x29, 0xc1,
    0x48, 0x89, 0x4c, 0x24, 0x60, 0x48, 0xf7, 0xd8, 0x4c, 0x01, 0xf0, 0x48, 0x83, 0xc0, 0xe8, 0x48,
    0x89, 0x44, 0x24, 0x58, 0x4c, 0x89, 0xc0, 0x48, 0xc1, 0xe0, 0x04, 0x4c, 0x89, 0xf1, 0x48, 0x29,
    0xc1, 0x48, 0x89, 0x4c, 0x24, 0x50, 0x48, 0xf7, 0xd8, 0x4c, 0x01, 0xf0, 0x48, 0x83, 0xc0, 0xe8,
    0x48, 0x89, 0x44, 0x24, 0x48, 0x49, 0x8d, 0x42, 0xc8, 0x48, 0x89, 0x44, 0x24, 0x40, 0x49, 0x8d,
    0x46, 0x88, 0x48, 0x89, 0x84, 0x24, 0xa8, 0x00, 0x00, 0x00, 0xc5, 0xfb, 0x10, 0x05, 0x6e, 0x4b,
    0x00, 0x00, 0x45, 0x31, 0xe4, 0x4d, 0x89, 0xf7, 0x4c, 0x89, 0xac, 0x24, 0xb0, 0x00, 0x00, 0x00,
    0x45, 0x31, 0xc9, 0x4c, 0x89, 0x44, 0x24, 0x78, 0x4c, 0x89, 0x74, 0x24, 0x20, 0xeb, 0x59, 0x90,
    0x4d, 0x01, 0xdd, 0x4c, 0x01, 0x5c, 0x24, 0x18, 0x4d, 0x01, 0xdf, 0x48, 0x8b, 0xb4, 0x24, 0xc0,
    0x00, 0x00, 0x00, 0x4c, 0x01, 0xde, 0x4c, 0x01, 0x5c, 0x24, 0x68, 0x4c, 0x01, 0x5c, 0x24, 0x58,
    0x4c, 0x01, 0x5c, 0x24, 0x48, 0x4c, 0x01, 0x5c, 0x24, 0x40, 0x49, 0xff, 0xcc, 0x4c, 0x01, 0x5c,
    0x24, 0x70, 0x4c, 0x01, 0x5c, 0x24, 0x60, 0x4c, 0x01, 0x5c, 0x24, 0x50, 0x4c, 0x8b, 0x94, 0x24,
    0xc8, 0x00, 0x00, 0x00, 0x4d, 0x01, 0xda, 0x4c, 0x8b, 0x8c, 0x24, 0xb8, 0x00, 0x00, 0x00, 0x4d,
    0x39, 0xc1, 0x0f, 0x84, 0x78, 0x0b, 0x00, 0x00, 0x49, 0x83, 0xf9, 0x10, 0x0f, 0x82, 0x7e, 0x00,
    0x00, 0x00, 0xc5, 0xf1, 0x57, 0xc9, 0x4c, 0x89, 0xe8, 0xc5, 0xe9, 0x57, 0xd2, 0xc5, 0xd9, 0x57,
    0xe4, 0xc5, 0xd1, 0x57, 0xed, 0x31, 0xc9, 0x66, 0x0f, 0x1f, 0x84, 0x00, 0x00, 0x00, 0x00, 0x00,
    0x48, 0x89, 0xca, 0xc5, 0xfd, 0x10, 0x70, 0xa0, 0xc5, 0xfd, 0x10, 0x78, 0xc0, 0xc5, 0x7d, 0x10,
    0x40, 0xe0, 0xc5, 0x7d, 0x10, 0x08, 0xc4, 0xc2, 0xb5, 0xb8, 0xc9, 0xc4, 0xc2, 0xbd, 0xb8, 0xd0,
    0xc4, 0xe2, 0xc5, 0xb8, 0xe7, 0xc4, 0xe2, 0xcd, 0xb8, 0xee, 0x48, 0x83, 0xc1, 0x10, 0x48, 0x83,
    0xc0, 0x80, 0x48, 0x83, 0xc2, 0x1f, 0x4c, 0x39, 0xca, 0x72, 0xc5, 0xc5, 0xdd, 0x58, 0xd2, 0xc5,
    0xed, 0x58, 0xd5, 0x48, 0x89, 0xc8, 0x48, 0x83, 0xc8, 0x03, 0x4c, 0x39, 0xc8, 0x72, 0x27, 0x48,
    0x89, 0xc8, 0xeb, 0x59, 0x66, 0x66, 0x66, 0x2e, 0x0f, 0x1f, 0x84, 0x00, 0x00, 0x00, 0x00, 0x00,
    0xc5, 0xe9, 0x57, 0xd2, 0x31, 0xc9, 0xc5, 0xf1, 0x57, 0xc9, 0x48, 0x89, 0xc8, 0x48, 0x83, 0xc8,
    0x03, 0x4c, 0x39, 0xc8, 0x73, 0xd9, 0x48, 0x8d, 0x04, 0xcd, 0x00, 0x00, 0x00, 0x00, 0x4c, 0x89,
    0xea, 0x48, 0x29, 0xc2, 0x66, 0x66, 0x66, 0x2e, 0x0f, 0x1f, 0x84, 0x00, 0x00, 0x00, 0x00, 0x00,
    0xc5, 0xfd, 0x10, 0x22, 0xc4, 0xe2, 0xdd, 0xb8, 0xcc, 0x48, 0x8d, 0x41, 0x04, 0x48, 0x83, 0xc2,
    0xe0, 0x48, 0x83, 0xc1, 0x07, 0x4c, 0x39, 0xc9, 0x48, 0x89, 0xc1, 0x72, 0xe3, 0xc5, 0xf5, 0x58,
    0xca, 0xc4, 0xe3, 0x7d, 0x19, 0xca, 0x01, 0xc5, 0xf1, 0x58, 0xca, 0xc5, 0xf1, 0xc6, 0xd1, 0x01,
    0xc5, 0xf3, 0x58, 0xca, 0x4c, 0x89, 0xc9, 0x48, 0x29, 0xc1, 0x4c, 0x89, 0x7c, 0x24, 0x08, 0x0f,
    0x86, 0x91, 0x01, 0x00, 0x00, 0x48, 0x83, 0xf9, 0x04, 0x73, 0x15, 0x48, 0x89, 0xc7, 0xe9, 0x5c,
    0x01, 0x00, 0x00, 0x66, 0x66, 0x66, 0x66, 0x2e, 0x0f, 0x1f, 0x84, 0x00, 0x00, 0x00, 0x00, 0x00,
    0x49, 0x89, 0xf7, 0x4c, 0x89, 0xd3, 0x48, 0x83, 0xf9, 0x10, 0x73, 0x07, 0x31, 0xd2, 0xe9, 0xd8,
    0x00, 0x00, 0x00, 0x48, 0x89, 0xca, 0x48, 0x83, 0xe2, 0xf0, 0xc5, 0xfa, 0x7e, 0xc9, 0x48, 0x89,
    0xcf, 0x48, 0x83, 0xe7, 0xf0, 0x48, 0xf7, 0xdf, 0x48, 0x8d, 0x34, 0xc5, 0x00, 0x00, 0x00, 0x00,
    0x4c, 0x8b, 0x54, 0x24, 0x18, 0x49, 0x29, 0xf2, 0xc5, 0xe9, 0x57, 0xd2, 0x31, 0xf6, 0xc5, 0xd9,
    0x57, 0xe4, 0xc5, 0xd1, 0x57, 0xed, 0x66, 0x2e, 0x0f, 0x1f, 0x84, 0x00, 0x00, 0x00, 0x00, 0x00,
    0xc4, 0xc1, 0x7d, 0x10, 0x74, 0xf2, 0xc0, 0xc4, 0xc1, 0x7d, 0x10, 0x7c, 0xf2, 0xe0, 0xc4, 0x41,
    0x7d, 0x10, 0x04, 0xf2, 0xc4, 0x41, 0x7d, 0x10, 0x4c, 0xf2, 0x20, 0xc4, 0x41, 0x35, 0x59, 0xc9,
    0xc4, 0x43, 0xfd, 0x01, 0xc9, 0x1b, 0xc5, 0xb5, 0x58, 0xc9, 0xc4, 0x41, 0x3d, 0x59, 0xc0, 0xc4,
    0x43, 0xfd, 0x01, 0xc0, 0x1b, 0xc5, 0xbd, 0x58, 0xd2, 0xc5, 0xc5, 0x59, 0xff, 0xc4, 0xe3, 0xfd,
    0x01, 0xff, 0x1b, 0xc5, 0xc5, 0x58, 0xe4, 0xc5, 0xcd, 0x59, 0xf6, 0xc4, 0xe3, 0xfd, 0x01, 0xf6,
    0x1b, 0xc5, 0xcd, 0x58, 0xed, 0x48, 0x83, 0xc6, 0xf0, 0x48, 0x39, 0xf7, 0x75, 0xa2, 0xc5, 0xed,
    0x58, 0xc9, 0xc5, 0xdd, 0x58, 0xc9, 0xc5, 0xd5, 0x58, 0xc9, 0xc4, 0xe3, 0x7d, 0x19, 0xca, 0x01,
    0xc5, 0xf1, 0x58, 0xca, 0xc5, 0xf1, 0xc6, 0xd1, 0x01, 0xc5, 0xf3, 0x58, 0xca, 0x48, 0x39, 0xd1,
    0x75, 0x10, 0x49, 0x89, 0xda, 0x4c, 0x89, 0xfe, 0x4c, 0x8b, 0x7c, 0x24, 0x08, 0xe9, 0x94, 0x00,
    0x00, 0x00, 0xf6, 0xc1, 0x0c, 0x0f, 0x84, 0x5b, 0x09, 0x00, 0x00, 0x49, 0x89, 0xca, 0x49, 0x83,
    0xe2, 0xfc, 0x4a, 0x8d, 0x3c, 0x10, 0xc5, 0xfa, 0x7e, 0xc9, 0x48, 0xc1, 0xe0, 0x03, 0x4c, 0x89,
    0xee, 0x48, 0x29, 0xc6, 0x48, 0xf7, 0xda, 0x4c, 0x89, 0xd0, 0x48, 0xf7, 0xd8, 0x0f, 0x1f, 0x00,
    0xc5, 0xfd, 0x10, 0x14, 0xd6, 0xc5, 0xed, 0x59, 0xd2, 0xc4, 0xe3, 0xfd, 0x01, 0xd2, 0x1b, 0xc5,
    0xed, 0x58, 0xc9, 0x48, 0x83, 0xc2, 0xfc, 0x48, 0x39, 0xd0, 0x75, 0xe4, 0xc4, 0xe3, 0x7d, 0x19,
    0xca, 0x01, 0xc5, 0xf1, 0x58, 0xca, 0xc5, 0xf1, 0xc6, 0xd1, 0x01, 0xc5, 0xf3, 0x58, 0xca, 0x4c,
    0x39, 0xd1, 0x49, 0x89, 0xda, 0x4c, 0x89, 0xfe, 0x4c, 0x8b, 0x7c, 0x24, 0x08, 0x74, 0x27, 0x48,
    0xf7, 0xdf, 0x66, 0x66, 0x66, 0x66, 0x66, 0x2e, 0x0f, 0x1f, 0x84, 0x00, 0x00, 0x00, 0x00, 0x00,
    0xc4, 0xc1, 0x7b, 0x10, 0x14, 0xff, 0xc4, 0xe2, 0xe9, 0xb9, 0xca, 0x48, 0xff, 0xcf, 0x4c, 0x89,
    0xc8, 0x48, 0x01, 0xf8, 0x75, 0xea, 0x4c, 0x89, 0xc8, 0x49, 0x0f, 0xaf, 0xc0, 0x4c, 0x01, 0xc8,
    0x48, 0x8d, 0x0c, 0xc5, 0x00, 0x00, 0x00, 0x00, 0x48, 0x8b, 0x54, 0x24, 0x38, 0x48, 0x29, 0xca,
    0xc5, 0xfb, 0x10, 0x12, 0xc5, 0xeb, 0x5c, 0xc9, 0xc5, 0xf9, 0x2e, 0xcb, 0x0f, 0x86, 0xba, 0x08,
    0x00, 0x00, 0x4c, 0x89, 0x64, 0x24, 0x10, 0x48, 0xf7, 0xd8, 0xc5, 0xf3, 0x51, 0xc9, 0xc4, 0xc1,
    0x7b, 0x11, 0x0c, 0xc6, 0xc5, 0xfb, 0x5e, 0xc9, 0x49, 0x8d, 0x41, 0x01, 0x49, 0x8d, 0x51, 0x04,
    0x48, 0x89, 0x84, 0x24, 0xb8, 0x00, 0x00, 0x00, 0x4c, 0x89, 0x94, 0x24, 0xc8, 0x00, 0x00, 0x00,
    0x4c, 0x89, 0xd5, 0x48, 0x8b, 0x4c, 0x24, 0x50, 0x48, 0x89, 0x8c, 0x24, 0x98, 0x00, 0x00, 0x00,
    0x48, 0x8b, 0x4c, 0x24, 0x60, 0x48, 0x89, 0x8c, 0x24, 0x90, 0x00, 0x00, 0x00, 0x48, 0x8b, 0x4c,
    0x24, 0x70, 0x48, 0x89, 0x8c, 0x24, 0x88, 0x00, 0x00, 0x00, 0x48, 0x8b, 0x4c, 0x24, 0x40, 0x48,
    0x89, 0x8c, 0x24, 0x80, 0x00, 0x00, 0x00, 0x48, 0x8b, 0x5c, 0x24, 0x48, 0x48, 0x8b, 0x4c, 0x24,
    0x58, 0x48, 0x89, 0x4c, 0x24, 0x28, 0x4c, 0x8b, 0x64, 0x24, 0x68, 0x48, 0x89, 0xb4, 0x24, 0xc0,
    0x00, 0x00, 0x00, 0x48, 0x89, 0xf1, 0x4c, 0x39, 0xc2, 0x0f, 0x82, 0x3f, 0x01, 0x00, 0x00, 0x4c,
    0x39, 0xc0, 0x4c, 0x8b, 0x64, 0x24, 0x10, 0x0f, 0x83, 0x53, 0xfc, 0xff, 0xff, 0x4c, 0x89, 0xd9,
    0x48, 0x0f, 0xaf, 0xc8, 0x48, 0x8b, 0x94, 0x24, 0xb0, 0x00, 0x00, 0x00, 0x48, 0x8d, 0x2c, 0x0a,
    0x48, 0x8b, 0x94, 0x24, 0xa8, 0x00, 0x00, 0x00, 0x4c, 0x8d, 0x14, 0x0a, 0x4c, 0x01, 0xf1, 0xe9,
    0x0f, 0x05, 0x00, 0x00, 0x66, 0x66, 0x66, 0x2e, 0x0f, 0x1f, 0x84, 0x00, 0x00, 0x00, 0x00, 0x00,
    0x48, 0x8b, 0x6c, 0x24, 0x30, 0x48, 0x89, 0xc2, 0x49, 0x0f, 0xaf, 0xd0, 0x4c, 0x01, 0xca, 0x48,
    0xc1, 0xe2, 0x03, 0x48, 0x8b, 0x74, 0x24, 0x38, 0x49, 0x89, 0xf2, 0x49, 0x29, 0xd2, 0xc4, 0xc1,
    0x7b, 0x10, 0x2a, 0x4c, 0x8b, 0x74, 0x24, 0x20, 0x4d, 0x89, 0xf2, 0x49, 0x29, 0xd2, 0xc4, 0xc1,
    0x53, 0x5c, 0xe8, 0xc5, 0xd3, 0x59, 0xe9, 0xc4, 0xc1, 0x7b, 0x11, 0x2a, 0x48, 0x89, 0xc2, 0x48,
    0xf7, 0xd2, 0x49, 0x0f, 0xaf, 0xd0, 0x4c, 0x29, 0xca, 0xc5, 0xfb, 0x10, 0x2c, 0xd6, 0xc5, 0xd3,
    0x5c, 0xef, 0xc5, 0xd3, 0x59, 0xe9, 0xc4, 0xc1, 0x7b, 0x11, 0x2c, 0xd6, 0x48, 0xc7, 0xc2, 0xfe,
    0xff, 0xff, 0xff, 0x48, 0x29, 0xc2, 0x49, 0x0f, 0xaf, 0xd0, 0x4c, 0x29, 0xca, 0xc5, 0xfb, 0x10,
    0x2c, 0xd6, 0xc5, 0xd3, 0x5c, 0xe4, 0xc5, 0xdb, 0x59, 0xe1, 0xc4, 0xc1, 0x7b, 0x11, 0x24, 0xd6,
    0x48, 0xc7, 0xc2, 0xfd, 0xff, 0xff, 0xff, 0x48, 0x29, 0xc2, 0x49, 0x0f, 0xaf, 0xd0, 0x4c, 0x29,
    0xca, 0xc5, 0xfb, 0x10, 0x24, 0xd6, 0xc5, 0xdb, 0x5c, 0xd2, 0xc5, 0xeb, 0x59, 0xd1, 0xc4, 0xc1,
    0x7b, 0x11, 0x14, 0xd6, 0x48, 0x8d, 0x50, 0x04, 0x48, 0x83, 0xc0, 0x07, 0x4c, 0x8b, 0x94, 0x24,
    0xd8, 0x00, 0x00, 0x00, 0x4c, 0x01, 0xd1, 0x4d, 0x01, 0xd4, 0x4c, 0x01, 0x54, 0x24, 0x28, 0x48,
    0x8b, 0x9c, 0x24, 0xa0, 0x00, 0x00, 0x00, 0x4c, 0x01, 0xd3, 0x4c, 0x01, 0x94, 0x24, 0x80, 0x00,
    0x00, 0x00, 0x4c, 0x01, 0x94, 0x24, 0x88, 0x00, 0x00, 0x00, 0x4c, 0x01, 0x94, 0x24, 0x90, 0x00,
    0x00, 0x00, 0x4c, 0x01, 0x94, 0x24, 0x98, 0x00, 0x00, 0x00, 0x4c, 0x01, 0xd5, 0x4c, 0x39, 0xc0,
    0x48, 0x89, 0xd0, 0x4c, 0x8b, 0x7c, 0x24, 0x08, 0x0f, 0x83, 0xc1, 0xfe, 0xff, 0xff, 0x49, 0x83,
    0xf9, 0x08, 0x0f, 0x82, 0x98, 0x00, 0x00, 0x00, 0xc5, 0xc1, 0x57, 0xff, 0x31, 0xf6, 0xc4, 0x41,
    0x39, 0x57, 0xc0, 0xc4, 0x41, 0x29, 0x57, 0xd2, 0xc4, 0x41, 0x31, 0x57, 0xc9, 0x31, 0xff, 0xc5,
    0xc9, 0x57, 0xf6, 0xc5, 0xd1, 0x57, 0xed, 0xc5, 0xd9, 0x57, 0xe4, 0xc5, 0xe9, 0x57, 0xd2, 0x90,
    0xc4, 0x41, 0x7d, 0x10, 0x5c, 0x35, 0xe0, 0xc4, 0x41, 0x7d, 0x10, 0x64, 0x35, 0x00, 0x48, 0x8d,
    0x14, 0x31, 0xc4, 0xe2, 0x9d, 0xb8, 0x3c, 0x31, 0xc4, 0x62, 0xa5, 0xb8, 0x44, 0x31, 0xe0, 0xc4,
    0x42, 0x9d, 0xb8, 0x14, 0x13, 0xc4, 0x42, 0xa5, 0xb8, 0x4c, 0x13, 0xe0, 0x4c, 0x01, 0xda, 0x4e,
    0x8d, 0x14, 0x1a, 0xc4, 0xc2, 0x9d, 0xb8, 0x14, 0x13, 0xc4, 0xc2, 0xa5, 0xb8, 0x64, 0x13, 0xe0,
    0xc4, 0x82, 0x9d, 0xb8, 0x2c, 0x13, 0xc4, 0x82, 0xa5, 0xb8, 0x74, 0x13, 0xe0, 0x48, 0x8d, 0x57,
    0x08, 0x48, 0x83, 0xc7, 0x0f, 0x48, 0x83, 0xc6, 0xc0, 0x4c, 0x39, 0xcf, 0x48, 0x89, 0xd7, 0x72,
    0x9f, 0xeb, 0x32, 0x66, 0x66, 0x66, 0x66, 0x2e, 0x0f, 0x1f, 0x84, 0x00, 0x00, 0x00, 0x00, 0x00,
    0xc5, 0xe9, 0x57, 0xd2, 0xc5, 0xd9, 0x57, 0xe4, 0xc5, 0xd1, 0x57, 0xed, 0xc5, 0xc9, 0x57, 0xf6,
    0x31, 0xd2, 0xc4, 0x41, 0x31, 0x57, 0xc9, 0xc4, 0x41, 0x29, 0x57, 0xd2, 0xc4, 0x41, 0x39, 0x57,
    0xc0, 0xc5, 0xc1, 0x57, 0xff, 0x48, 0x89, 0x6c, 0x24, 0x30, 0x49, 0x89, 0xd2, 0x49, 0x83, 0xca,
    0x03, 0x4d, 0x39, 0xca, 0x48, 0x89, 0x9c, 0x24, 0xa0, 0x00, 0x00, 0x00, 0x73, 0x72, 0x48, 0x8d,
    0x2c, 0xd5, 0x00, 0x00, 0x00, 0x00, 0x48, 0xf7, 0xdd, 0x4d, 0x89, 0xea, 0x48, 0x89, 0xce, 0x4c,
    0x8b, 0x74, 0x24, 0x28, 0x4d, 0x89, 0xe7, 0x66, 0x0f, 0x1f, 0x84, 0x00, 0x00, 0x00, 0x00, 0x00,
    0xc4, 0x41, 0x7d, 0x10, 0x1c, 0x2a, 0xc4, 0xe2, 0xa5, 0xb8, 0x3c, 0x2e, 0xc4, 0x62, 0xa5, 0xb8,
    0x14, 0x2b, 0xc4, 0xc2, 0xa5, 0xb8, 0x14, 0x2e, 0xc4, 0xc2, 0xa5, 0xb8, 0x2c, 0x2f, 0x48, 0x8d,
    0x7a, 0x04, 0x49, 0x83, 0xc7, 0xe0, 0x49, 0x83, 0xc6, 0xe0, 0x48, 0x83, 0xc3, 0xe0, 0x48, 0x83,
    0xc6, 0xe0, 0x49, 0x83, 0xc2, 0xe0, 0x48, 0x83, 0xc2, 0x07, 0x4c, 0x39, 0xca, 0x48, 0x89, 0xfa,
    0x72, 0xbe, 0xeb, 0x0f, 0x66, 0x66, 0x66, 0x2e, 0x0f, 0x1f, 0x84, 0x00, 0x00, 0x00, 0x00, 0x00,
    0x48, 0x89, 0xd7, 0xc4, 0x41, 0x2d, 0x58, 0xc9, 0xc5, 0xbd, 0x58, 0xff, 0xc4, 0xc3, 0x7d, 0x19,
    0xf8, 0x01, 0xc5, 0xb9, 0x58, 0xff, 0xc5, 0x41, 0x7c, 0xc7, 0xc4, 0x63, 0x7d, 0x19, 0xcf, 0x01,
    0xc5, 0xb1, 0x58, 0xff, 0xc5, 0xc1, 0x7c, 0xff, 0xc5, 0xd5, 0x58, 0xee, 0xc5, 0xed, 0x58, 0xd4,
    0xc4, 0xe3, 0x7d, 0x19, 0xd4, 0x01, 0xc5, 0xe9, 0x58, 0xd4, 0xc5, 0xe9, 0x7c, 0xe2, 0xc4, 0xe3,
    0x7d, 0x19, 0xea, 0x01, 0xc5, 0xd1, 0x58, 0xd2, 0xc5, 0xe9, 0x7c, 0xd2, 0x4c, 0x89, 0xca, 0x48,
    0x29, 0xfa, 0x0f, 0x86, 0x58, 0xfd, 0xff, 0xff, 0x48, 0x83, 0xfa, 0x08, 0x73, 0x12, 0x48, 0x89,
    0xfe, 0x48, 0x8b, 0x6c, 0x24, 0x30, 0xe9, 0x87, 0x01, 0x00, 0x00, 0x0f, 0x1f, 0x44, 0x00, 0x00,
    0x49, 0x89, 0xd7, 0x49, 0x83, 0xe7, 0xf8, 0x4a, 0x8d, 0x34, 0x3f, 0xc5, 0xfa, 0x7e, 0xd2, 0xc5,
    0xfa, 0x7e, 0xe4, 0xc5, 0xfa, 0x7e, 0xf7, 0xc5, 0x79, 0xd6, 0xc5, 0x4c, 0x89, 0xbc, 0x24, 0xd0,
    0x00, 0x00, 0x00, 0x49, 0xf7, 0xdf, 0x48, 0xc1, 0xe7, 0x03, 0x48, 0x8b, 0x6c, 0x24, 0x18, 0x48,
    0x29, 0xfd, 0x4d, 0x89, 0xe0, 0x49, 0x29, 0xf8, 0x4c, 0x8b, 0xb4, 0x24, 0x80, 0x00, 0x00, 0x00,
    0x49, 0x29, 0xfe, 0x48, 0x8b, 0x5c, 0x24, 0x28, 0x48, 0x29, 0xfb, 0x4c, 0x8b, 0x94, 0x24, 0xa0,
    0x00, 0x00, 0x00, 0x49, 0x29, 0xfa, 0xc4, 0x41, 0x31, 0x57, 0xc9, 0x31, 0xff, 0xc4, 0x41, 0x29,
    0x57, 0xd2, 0xc5, 0xc1, 0x57, 0xff, 0xc4, 0x41, 0x39, 0x57, 0xc0, 0x0f, 0x1f, 0x44, 0x00, 0x00,
    0xc5, 0x7d, 0x10, 0x5c, 0xfd, 0x00, 0xc5, 0x7d, 0x10, 0x64, 0xfd, 0x20, 0xc4, 0x41, 0x1d, 0x59,
    0x6c, 0xfe, 0x20, 0xc4, 0x43, 0xfd, 0x01, 0xed, 0x1b, 0xc5, 0x95, 0x58, 0xed, 0xc4, 0x41, 0x25,
    0x59, 0x2c, 0xfe, 0xc4, 0x43, 0xfd, 0x01, 0xed, 0x1b, 0xc4, 0x41, 0x15, 0x58, 0xc0, 0xc4, 0x41,
    0x1d, 0x59, 0x2c, 0xfa, 0xc4, 0x43, 0xfd, 0x01, 0xed, 0x1b, 0xc5, 0x95, 0x58, 0xf6, 0xc4, 0x41,
    0x25, 0x59, 0x6c, 0xfa, 0xe0, 0xc4, 0x43, 0xfd, 0x01, 0xed, 0x1b, 0xc5, 0x95, 0x58, 0xff, 0xc5,
    0x1d, 0x59, 0x2c, 0xfb, 0xc4, 0x43, 0xfd, 0x01, 0xed, 0x1b, 0xc5, 0x95, 0x58, 0xe4, 0xc5, 0x25,
    0x59, 0x6c, 0xfb, 0xe0, 0xc4, 0x43, 0xfd, 0x01, 0xed, 0x1b, 0xc4, 0x41, 0x15, 0x58, 0xd2, 0xc4,
    0x41, 0x1d, 0x59, 0x24, 0xf8, 0xc4, 0x43, 0xfd, 0x01, 0xe4, 0x1b, 0xc5, 0x9d, 0x58, 0xd2, 0xc4,
    0x41, 0x25, 0x59, 0x5c, 0xf8, 0xe0, 0xc4, 0x43, 0xfd, 0x01, 0xdb, 0x1b, 0xc4, 0x41, 0x25, 0x58,
    0xc9, 0x48, 0x83, 0xc7, 0xf8, 0x49, 0x39, 0xff, 0x0f, 0x85, 0x62, 0xff, 0xff, 0xff, 0xc5, 0xb5,
    0x58, 0xd2, 0xc4, 0xc3, 0x7d, 0x19, 0xd1, 0x01, 0xc5, 0xb1, 0x58, 0xd2, 0xc5, 0x69, 0xc6, 0xca,
    0x01, 0xc5, 0xb3, 0x58, 0xd2, 0xc5, 0xad, 0x58, 0xe4, 0xc4, 0xc3, 0x7d, 0x19, 0xe1, 0x01, 0xc5,
    0xb1, 0x58, 0xe4, 0xc5, 0x59, 0xc6, 0xcc, 0x01, 0xc5, 0xb3, 0x58, 0xe4, 0xc5, 0xc5, 0x58, 0xf6,
    0xc4, 0xe3, 0x7d, 0x19, 0xf7, 0x01, 0xc5, 0xc9, 0x58, 0xf7, 0xc5, 0xc9, 0xc6, 0xfe, 0x01, 0xc5,
    0xcb, 0x58, 0xff, 0xc5, 0xbd, 0x58, 0xed, 0xc4, 0xe3, 0x7d, 0x19, 0xee, 0x01, 0xc5, 0xd1, 0x58,
    0xee, 0xc5, 0xd1, 0xc6, 0xf5, 0x01, 0xc5, 0x53, 0x58, 0xc6, 0x48, 0x3b, 0x94, 0x24, 0xd0, 0x00,
    0x00, 0x00, 0x4c, 0x8b, 0x44, 0x24, 0x78, 0x48, 0x8b, 0x6c, 0x24, 0x30, 0x0f, 0x84, 0xc3, 0xfb,
    0xff, 0xff, 0x48, 0x8b, 0x54, 0x24, 0x10, 0x48, 0x01, 0xf2, 0x48, 0xc1, 0xe6, 0x03, 0x4c, 0x8b,
    0xbc, 0x24, 0x88, 0x00, 0x00, 0x00, 0x49, 0x29, 0xf7, 0x4c, 0x8b, 0x94, 0x24, 0x90, 0x00, 0x00,
    0x00, 0x49, 0x29, 0xf2, 0x48, 0x8b, 0xbc, 0x24, 0x98, 0x00, 0x00, 0x00, 0x48, 0x29, 0xf7, 0x48,
    0x89, 0xeb, 0x48, 0x29, 0xf3, 0x4c, 0x8b, 0x74, 0x24, 0x08, 0x49, 0x29, 0xf6, 0x31, 0xf6, 0x90,
    0xc4, 0xc1, 0x7b, 0x10, 0x2c, 0xf6, 0xc4, 0x62, 0xd1, 0xb9, 0x04, 0xf3, 0xc4, 0xe2, 0xd1, 0xb9,
    0x3c, 0xf7, 0xc4, 0xc2, 0xd1, 0xb9, 0x24, 0xf2, 0xc4, 0xc2, 0xd1, 0xb9, 0x14, 0xf7, 0x48, 0xff,
    0xce, 0x48, 0x39, 0xf2, 0x75, 0xda, 0xe9, 0x5a, 0xfb, 0xff, 0xff, 0x4c, 0x8b, 0x74, 0x24, 0x20,
    0x4c, 0x8b, 0x64, 0x24, 0x10, 0x4c, 0x8b, 0x7c, 0x24, 0x08, 0x66, 0x0f, 0x1f, 0x44, 0x00, 0x00,
    0x48, 0x89, 0xc2, 0x49, 0x0f, 0xaf, 0xd0, 0x4c, 0x01, 0xca, 0x48, 0x89, 0xd6, 0x48, 0xf7, 0xde,
    0x48, 0xc1, 0xe2, 0x03, 0x48, 0x8b, 0x7c, 0x24, 0x38, 0x48, 0x29, 0xd7, 0xc5, 0xfb, 0x10, 0x27,
    0xc5, 0xdb, 0x5c, 0xd2, 0xc5, 0xeb, 0x59, 0xd1, 0xc4, 0xc1, 0x7b, 0x11, 0x14, 0xf6, 0x48, 0xff,
    0xc0, 0x4c, 0x01, 0xdd, 0x4d, 0x01, 0xda, 0x4c, 0x01, 0xd9, 0x4c, 0x39, 0xc0, 0x0f, 0x84, 0x1d,
    0xf7, 0xff, 0xff, 0x49, 0x83, 0xf9, 0x10, 0x0f, 0x82, 0x93, 0x00, 0x00, 0x00, 0xc5, 0xe9, 0x57,
    0xd2, 0x31, 0xf6, 0xc5, 0xd9, 0x57, 0xe4, 0xc5, 0xd1, 0x57, 0xed, 0xc5, 0xc9, 0x57, 0xf6, 0x31,
    0xd2, 0x66, 0x66, 0x66, 0x66, 0x66, 0x66, 0x2e, 0x0f, 0x1f, 0x84, 0x00, 0x00, 0x00, 0x00, 0x00,
    0x48, 0x89, 0xd7, 0xc5, 0xfd, 0x10, 0x7c, 0x35, 0xa0, 0xc5, 0x7d, 0x10, 0x44, 0x35, 0xc0, 0xc5,
    0x7d, 0x10, 0x4c, 0x35, 0xe0, 0xc5, 0x7d, 0x10, 0x54, 0x35, 0x00, 0xc4, 0xc2, 0xad, 0xb8, 0x54,
    0x35, 0x00, 0xc4, 0xc2, 0xb5, 0xb8, 0x64, 0x35, 0xe0, 0xc4, 0xc2, 0xbd, 0xb8, 0x6c, 0x35, 0xc0,
    0xc4, 0xc2, 0xc5, 0xb8, 0x74, 0x35, 0xa0, 0x48, 0x83, 0xc2, 0x10, 0x48, 0x83, 0xc7, 0x1f, 0x48,
    0x83, 0xc6, 0x80, 0x4c, 0x39, 0xcf, 0x72, 0xb8, 0xc5, 0xd5, 0x58, 0xe4, 0xc5, 0xdd, 0x58, 0xe6,
    0x48, 0x89, 0xd6, 0x48, 0x83, 0xce, 0x03, 0x4c, 0x39, 0xce, 0x72, 0x2a, 0x48, 0x89, 0xd6, 0xeb,
    0x60, 0x66, 0x66, 0x66, 0x66, 0x66, 0x66, 0x2e, 0x0f, 0x1f, 0x84, 0x00, 0x00, 0x00, 0x00, 0x00,
    0xc5, 0xd9, 0x57, 0xe4, 0x31, 0xd2, 0xc5, 0xe9, 0x57, 0xd2, 0x48, 0x89, 0xd6, 0x48, 0x83, 0xce,
    0x03, 0x4c, 0x39, 0xce, 0x73, 0xd6, 0x48, 0x8d, 0x3c, 0xd5, 0x00, 0x00, 0x00, 0x00, 0x48, 0xf7,
    0xdf, 0x66, 0x66, 0x66, 0x66, 0x66, 0x66, 0x2e, 0x0f, 0x1f, 0x84, 0x00, 0x00, 0x00, 0x00, 0x00,
    0xc5, 0xfd, 0x10, 0x6c, 0x3d, 0x00, 0xc4, 0xc2, 0xd5, 0xb8, 0x54, 0x3d, 0x00, 0x48, 0x8d, 0x72,
    0x04, 0x48, 0x83, 0xc7, 0xe0, 0x48, 0x83, 0xc2, 0x07, 0x4c, 0x39, 0xca, 0x48, 0x89, 0xf2, 0x72,
    0xdf, 0xc5, 0xed, 0x58, 0xd4, 0xc4, 0xe3, 0x7d, 0x19, 0xd4, 0x01, 0xc5, 0xe9, 0x58, 0xd4, 0xc5,
    0xe9, 0xc6, 0xe2, 0x01, 0xc5, 0xeb, 0x58, 0xd4, 0x4c, 0x89, 0xcf, 0x48, 0x29, 0xf7, 0x0f, 0x86,
    0xac, 0xfe, 0xff, 0xff, 0x48, 0x83, 0xff, 0x04, 0x73, 0x16, 0x48, 0x89, 0xf3, 0xe9, 0x7d, 0x01,
    0x00, 0x00, 0x66, 0x66, 0x66, 0x66, 0x66, 0x2e, 0x0f, 0x1f, 0x84, 0x00, 0x00, 0x00, 0x00, 0x00,
    0x48, 0x83, 0xff, 0x10, 0x73, 0x07, 0x31, 0xd2, 0xe9, 0xe6, 0x00, 0x00, 0x00, 0x48, 0x89, 0xfa,
    0x48, 0x83, 0xe2, 0xf0, 0xc5, 0xfa, 0x7e, 0xd2, 0x48, 0x89, 0xfb, 0x48, 0x83, 0xe3, 0xf0, 0x48,
    0xf7, 0xdb, 0x4c, 0x8d, 0x24, 0xf5, 0x00, 0x00, 0x00, 0x00, 0x4d, 0x89, 0xd6, 0x4d, 0x29, 0xe6,
    0x4c, 0x8b, 0x7c, 0x24, 0x18, 0x4d, 0x29, 0xe7, 0xc5, 0xd9, 0x57, 0xe4, 0x45, 0x31, 0xe4, 0xc5,
    0xd1, 0x57, 0xed, 0xc5, 0xc9, 0x57, 0xf6, 0x66, 0x0f, 0x1f, 0x84, 0x00, 0x00, 0x00, 0x00, 0x00,
    0xc4, 0x81, 0x7d, 0x10, 0x7c, 0xe7, 0xc0, 0xc4, 0x01, 0x7d, 0x10, 0x44, 0xe7, 0xe0, 0xc4, 0x01,
    0x7d, 0x10, 0x0c, 0xe7, 0xc4, 0x01, 0x7d, 0x10, 0x54, 0xe7, 0x20, 0xc4, 0x01, 0x2d, 0x59, 0x54,
    0xe6, 0x60, 0xc4, 0x43, 0xfd, 0x01, 0xd2, 0x1b, 0xc5, 0xad, 0x58, 0xd2, 0xc4, 0x01, 0x35, 0x59,
    0x4c, 0xe6, 0x40, 0xc4, 0x43, 0xfd, 0x01, 0xc9, 0x1b, 0xc5, 0xb5, 0x58, 0xe4, 0xc4, 0x01, 0x3d,
    0x59, 0x44, 0xe6, 0x20, 0xc4, 0x43, 0xfd, 0x01, 0xc0, 0x1b, 0xc5, 0xbd, 0x58, 0xed, 0xc4, 0x81,
    0x45, 0x59, 0x3c, 0xe6, 0xc4, 0xe3, 0xfd, 0x01, 0xff, 0x1b, 0xc5, 0xc5, 0x58, 0xf6, 0x49, 0x83,
    0xc4, 0xf0, 0x4c, 0x39, 0xe3, 0x75, 0x99, 0xc5, 0xdd, 0x58, 0xd2, 0xc5, 0xd5, 0x58, 0xd2, 0xc5,
    0xcd, 0x58, 0xd2, 0xc4, 0xe3, 0x7d, 0x19, 0xd4, 0x01, 0xc5, 0xe9, 0x58, 0xd4, 0xc5, 0xe9, 0xc6,
    0xe2, 0x01, 0xc5, 0xeb, 0x58, 0xd4, 0x48, 0x39, 0xd7, 0x0f, 0x84, 0x9c, 0xfd, 0xff, 0xff, 0x40,
    0xf6, 0xc7, 0x0c, 0x4c, 0x8b, 0x74, 0x24, 0x20, 0x4c, 0x8b, 0x7c, 0x24, 0x08, 0x0f, 0x84, 0xa6,
    0x00, 0x00, 0x00, 0x49, 0x89, 0xfe, 0x49, 0x83, 0xe6, 0xfc, 0x4a, 0x8d, 0x1c, 0x36, 0xc5, 0xfa,
    0x7e, 0xd2, 0x4d, 0x89, 0xf7, 0x49, 0xf7, 0xdf, 0x48, 0xf7, 0xda, 0x48, 0xc1, 0xe6, 0x03, 0x4d,
    0x89, 0xec, 0x49, 0x29, 0xf4, 0x49, 0x89, 0xe8, 0x49, 0x29, 0xf0, 0x0f, 0x1f, 0x44, 0x00, 0x00,
    0xc4, 0xc1, 0x7d, 0x10, 0x24, 0xd4, 0xc4, 0xc1, 0x5d, 0x59, 0x24, 0xd0, 0xc4, 0xe3, 0xfd, 0x01,
    0xe4, 0x1b, 0xc5, 0xdd, 0x58, 0xd2, 0x48, 0x83, 0xc2, 0xfc, 0x49, 0x39, 0xd7, 0x75, 0xe1, 0xc4,
    0xe3, 0x7d, 0x19, 0xd4, 0x01, 0xc5, 0xe9, 0x58, 0xd4, 0xc5, 0xe9, 0xc6, 0xe2, 0x01, 0xc5, 0xeb,
    0x58, 0xd4, 0x4c, 0x39, 0xf7, 0x4c, 0x8b, 0x44, 0x24, 0x78, 0x4c, 0x8b, 0x74, 0x24, 0x20, 0x4c,
    0x8b, 0x64, 0x24, 0x10, 0x4c, 0x8b, 0x7c, 0x24, 0x08, 0x0f, 0x84, 0x21, 0xfd, 0xff, 0xff, 0x48,
    0xf7, 0xdb, 0x66, 0x66, 0x66, 0x66, 0x66, 0x2e, 0x0f, 0x1f, 0x84, 0x00, 0x00, 0x00, 0x00, 0x00,
    0xc4, 0xc1, 0x7b, 0x10, 0x24, 0xdf, 0xc4, 0xe2, 0xd9, 0xb9, 0x14, 0xd9, 0x48, 0xff, 0xcb, 0x49,
    0x39, 0xdc, 0x75, 0xec, 0xe9, 0xf7, 0xfc, 0xff, 0xff, 0x48, 0x01, 0xd6, 0x48, 0x89, 0xf3, 0x4c,
    0x8b, 0x64, 0x24, 0x10, 0xeb, 0xc9, 0x49, 0x89, 0xda, 0x4c, 0x89, 0xfe, 0x48, 0x01, 0xd0, 0x48,
    0x89, 0xc7, 0x4c, 0x8b, 0x7c, 0x24, 0x08, 0xe9, 0xf3, 0xf6, 0xff, 0xff, 0x31, 0xc0, 0xeb, 0x05,
    0xb8, 0x01, 0x00, 0x00, 0x00, 0xc5, 0xf8, 0x28, 0xb4, 0x24, 0xe0, 0x00, 0x00, 0x00, 0xc5, 0xf8,
    0x28, 0xbc, 0x24, 0xf0, 0x00, 0x00, 0x00, 0xc5, 0x78, 0x28, 0x84, 0x24, 0x00, 0x01, 0x00, 0x00,
    0xc5, 0x78, 0x28, 0x8c, 0x24, 0x10, 0x01, 0x00, 0x00, 0xc5, 0x78, 0x28, 0x94, 0x24, 0x20, 0x01,
    0x00, 0x00, 0xc5, 0x78, 0x28, 0x9c, 0x24, 0x30, 0x01, 0x00, 0x00, 0xc5, 0x78, 0x28, 0xa4, 0x24,
    0x40, 0x01, 0x00, 0x00, 0xc5, 0x78, 0x28, 0xac, 0x24, 0x50, 0x01, 0x00, 0x00, 0x48, 0x81, 0xc4,
    0x68, 0x01, 0x00, 0x00, 0x5b, 0x5d, 0x5f, 0x5e, 0x41, 0x5c, 0x41, 0x5d, 0x41, 0x5e, 0x41, 0x5f,
    0xc5, 0xf8, 0x77, 0xc3, 0x66, 0x66, 0x66, 0x2e, 0x0f, 0x1f, 0x84, 0x00, 0x00, 0x00, 0x00, 0x00,
    0x41, 0x57, 0x41, 0x56, 0x41, 0x55, 0x41, 0x54, 0x56, 0x57, 0x55, 0x53, 0x48, 0x81, 0xec, 0x98,
    0x01, 0x00, 0x00, 0xc5, 0x79, 0x29, 0xb4, 0x24, 0x80, 0x01, 0x00, 0x00, 0xc5, 0x79, 0x29, 0xac,
    0x24, 0x70, 0x01, 0x00, 0x00, 0xc5, 0x79, 0x29, 0xa4, 0x24, 0x60, 0x01, 0x00, 0x00, 0xc5, 0x79,
    0x29, 0x9c, 0x24, 0x50, 0x01, 0x00, 0x00, 0xc5, 0x79, 0x29, 0x94, 0x24, 0x40, 0x01, 0x00, 0x00,
    0xc5, 0x79, 0x29, 0x8c, 0x24, 0x30, 0x01, 0x00, 0x00, 0xc5, 0x79, 0x29, 0x84, 0x24, 0x20, 0x01,
    0x00, 0x00, 0xc5, 0xf9, 0x29, 0xbc, 0x24, 0x10, 0x01, 0x00, 0x00, 0xc5, 0xf9, 0x29, 0xb4, 0x24,
    0x00, 0x01, 0x00, 0x00, 0x4c, 0x8d, 0x62, 0xe8, 0x48, 0x8d, 0x42, 0xc8, 0x48, 0x89, 0x44, 0x24,
    0x18, 0x4c, 0x8d, 0x92, 0xe8, 0xfc, 0xff, 0xff, 0x4c, 0x8d, 0xba, 0xe8, 0xf3, 0xff, 0xff, 0x4c,
    0x8d, 0x9a, 0xe8, 0xf9, 0xff, 0xff, 0x48, 0x8d, 0x82, 0x00, 0xfa, 0xff, 0xff, 0x48, 0x89, 0x44,
    0x24, 0x28, 0x48, 0x8d, 0x42, 0x88, 0x48, 0x89, 0x44, 0x24, 0x30, 0x31, 0xff, 0xc5, 0xfb, 0x10,
    0x05, 0x6b, 0x3e, 0x00, 0x00, 0x49, 0x89, 0xd6, 0x4c, 0x89, 0x64, 0x24, 0x38, 0x48, 0x89, 0x54,
    0x24, 0x20, 0x48, 0x89, 0x4c, 0x24, 0x10, 0xeb, 0x66, 0x0f, 0x1f, 0x80, 0x00, 0x00, 0x00, 0x00,
    0x49, 0x81, 0xc4, 0x00, 0xfd, 0xff, 0xff, 0x48, 0x81, 0x44, 0x24, 0x18, 0x00, 0xfd, 0xff, 0xff,
    0x49, 0x81, 0xc6, 0x00, 0xfd, 0xff, 0xff, 0x4c, 0x8b, 0x94, 0x24, 0x98, 0x00, 0x00, 0x00, 0x49,
    0x81, 0xc2, 0x00, 0xfd, 0xff, 0xff, 0x4c, 0x8b, 0xbc, 0x24, 0x90, 0x00, 0x00, 0x00, 0x49, 0x81,
    0xc7, 0x00, 0xfd, 0xff, 0xff, 0x4c, 0x8b, 0x9c, 0x24, 0x88, 0x00, 0x00, 0x00, 0x49, 0x81, 0xc3,
    0x00, 0xfd, 0xff, 0xff, 0x48, 0x81, 0x44, 0x24, 0x28, 0x00, 0xfd, 0xff, 0xff, 0x48, 0x8b, 0xbc,
    0x24, 0x80, 0x00, 0x00, 0x00, 0x48, 0x83, 0xff, 0x60, 0x0f, 0x84, 0xce, 0x0f, 0x00, 0x00, 0x48,
    0x89, 0xf8, 0x48, 0xc1, 0xe0, 0x05, 0x48, 0x8d, 0x2c, 0x40, 0x48, 0x83, 0xff, 0x0f, 0x0f, 0x86,
    0xfc, 0x01, 0x00, 0x00, 0x48, 0xc7, 0xc0, 0xfd, 0xff, 0xff, 0xff, 0x48, 0x29, 0xe8, 0xc5, 0xfd,
    0x10, 0x0c, 0xc2, 0x48, 0xc7, 0xc0, 0xf9, 0xff, 0xff, 0xff, 0x48, 0x29, 0xe8, 0xc5, 0xfd, 0x10,
    0x14, 0xc2, 0x48, 0xc7, 0xc0, 0xf5, 0xff, 0xff, 0xff, 0x48, 0x29, 0xe8, 0xc5, 0xfd, 0x10, 0x24,
    0xc2, 0x48, 0xc7, 0xc0, 0xf1, 0xff, 0xff, 0xff, 0x48, 0x29, 0xe8, 0xc5, 0xfd, 0x10, 0x2c, 0xc2,
    0xc5, 0xf5, 0x59, 0xc9, 0xc5, 0xed, 0x59, 0xd2, 0xc5, 0xdd, 0x59, 0xe4, 0xc5, 0xd5, 0x59, 0xed,
    0xb8, 0x10, 0x00, 0x00, 0x00, 0x48, 0x83, 0xff, 0x20, 0x0f, 0x82, 0x81, 0x01, 0x00, 0x00, 0x48,
    0x89, 0xe8, 0x48, 0x83, 0xc8, 0x10, 0x48, 0xc7, 0xc1, 0xfd, 0xff, 0xff, 0xff, 0x48, 0x29, 0xc1,
    0xc5, 0xfd, 0x10, 0x34, 0xca, 0x48, 0xc7, 0xc1, 0xf9, 0xff, 0xff, 0xff, 0x48, 0x29, 0xc1, 0xc5,
    0xfd, 0x10, 0x3c, 0xca, 0x48, 0xc7, 0xc1, 0xf5, 0xff, 0xff, 0xff, 0x48, 0x29, 0xc1, 0xc5, 0x7d,
    0x10, 0x04, 0xca, 0x48, 0xc7, 0xc1, 0xf1, 0xff, 0xff, 0xff, 0x48, 0x29, 0xc1, 0xc5, 0x7d, 0x10,
    0x0c, 0xca, 0xc4, 0xe2, 0xcd, 0xb8, 0xce, 0xc4, 0xe2, 0xc5, 0xb8, 0xd7, 0xc4, 0xc2, 0xbd, 0xb8,
    0xe0, 0xc4, 0xc2, 0xb5, 0xb8, 0xe9, 0xb8, 0x20, 0x00, 0x00, 0x00, 0x48, 0x83, 0xff, 0x30, 0x0f,
    0x82, 0x1b, 0x01, 0x00, 0x00, 0x48, 0xc7, 0xc0, 0xdd, 0xff, 0xff, 0xff, 0x48, 0x29, 0xe8, 0xc5,
    0xfd, 0x10, 0x34, 0xc2, 0x48, 0xc7, 0xc0, 0xd9, 0xff, 0xff, 0xff, 0x48, 0x29, 0xe8, 0xc5, 0xfd,
    0x10, 0x3c, 0xc2, 0x48, 0xc7, 0xc0, 0xd5, 0xff, 0xff, 0xff, 0x48, 0x29, 0xe8, 0xc5, 0x7d, 0x10,
    0x04, 0xc2, 0x48, 0xc7, 0xc0, 0xd1, 0xff, 0xff, 0xff, 0x48, 0x29, 0xe8, 0xc5, 0x7d, 0x10, 0x0c,
    0xc2, 0xc4, 0xe2, 0xcd, 0xb8, 0xce, 0xc4, 0xe2, 0xc5, 0xb8, 0xd7, 0xc4, 0xc2, 0xbd, 0xb8, 0xe0,
    0xc4, 0xc2, 0xb5, 0xb8, 0xe9, 0xb8, 0x30, 0x00, 0x00, 0x00, 0x48, 0x83, 0xff, 0x40, 0x0f, 0x82,
    0xbc, 0x00, 0x00, 0x00, 0x48, 0xc7, 0xc0, 0xcd, 0xff, 0xff, 0xff, 0x48, 0x29, 0xe8, 0xc5, 0xfd,
    0x10, 0x34, 0xc2, 0x48, 0xc7, 0xc0, 0xc9, 0xff, 0xff, 0xff, 0x48, 0x29, 0xe8, 0xc5, 0xfd, 0x10,
    0x3c, 0xc2, 0x48, 0xc7, 0xc0, 0xc5, 0xff, 0xff, 0xff, 0x48, 0x29, 0xe8, 0xc5, 0x7d, 0x10, 0x04,
    0xc2, 0x48, 0xc7, 0xc0, 0xc1, 0xff, 0xff, 0xff, 0x48, 0x29, 0xe8, 0xc5, 0x7d, 0x10, 0x0c, 0xc2,
    0xc4, 0xe2, 0xcd, 0xb8, 0xce, 0xc4, 0xe2, 0xc5, 0xb8, 0xd7, 0xc4, 0xc2, 0xbd, 0xb8, 0xe0, 0xc4,
    0xc2, 0xb5, 0xb8, 0xe9, 0xb8, 0x40, 0x00, 0x00, 0x00, 0x48, 0x83, 0xff, 0x50, 0x72, 0x61, 0x48,
    0xc7, 0xc0, 0xbd, 0xff, 0xff, 0xff, 0x48, 0x29, 0xe8, 0xc5, 0xfd, 0x10, 0x34, 0xc2, 0x48, 0xc7,
    0xc0, 0xb9, 0xff, 0xff, 0xff, 0x48, 0x29, 0xe8, 0xc5, 0xfd, 0x10, 0x3c, 0xc2, 0x48, 0xc7, 0xc0,
    0xb5, 0xff, 0xff, 0xff, 0x48, 0x29, 0xe8, 0xc5, 0x7d, 0x10, 0x04, 0xc2, 0x48, 0xc7, 0xc0, 0xb1,
    0xff, 0xff, 0xff, 0x48, 0x29, 0xe8, 0xc5, 0x7d, 0x10, 0x0c, 0xc2, 0xc4, 0xe2, 0xcd, 0xb8, 0xce,
    0xc4, 0xe2, 0xc5, 0xb8, 0xd7, 0xc4, 0xc2, 0xbd, 0xb8, 0xe0, 0xc4, 0xc2, 0xb5, 0xb8, 0xe9, 0xb8,
    0x50, 0x00, 0x00, 0x00, 0x66, 0x66, 0x66, 0x2e, 0x0f, 0x1f, 0x84, 0x00, 0x00, 0x00, 0x00, 0x00,
    0xc5, 0xdd, 0x58, 0xd2, 0xc5, 0xed, 0x58, 0xd5, 0x48, 0x89, 0xc1, 0x48, 0x83, 0xc9, 0x03, 0x48,
    0x39, 0xf9, 0x72, 0x22, 0x48, 0x89, 0xc6, 0xeb, 0x54, 0x0f, 0x1f, 0x80, 0x00, 0x00, 0x00, 0x00,
    0xc5, 0xe9, 0x57, 0xd2, 0x31, 0xc0, 0xc5, 0xf1, 0x57, 0xc9, 0x48, 0x89, 0xc1, 0x48, 0x83, 0xc9,
    0x03, 0x48, 0x39, 0xf9, 0x73, 0xde, 0x44, 0x8d, 0x04, 0xc5, 0x00, 0x00, 0x00, 0x00, 0x4c, 0x89,
    0xe1, 0x4c, 0x29, 0xc1, 0x66, 0x66, 0x66, 0x2e, 0x0f, 0x1f, 0x84, 0x00, 0x00, 0x00, 0x00, 0x00,
    0xc5, 0xfd, 0x10, 0x21, 0xc4, 0xe2, 0xdd, 0xb8, 0xcc, 0x48, 0x8d, 0x70, 0x04, 0x48, 0x83, 0xc1,
    0xe0, 0x48, 0x83, 0xc0, 0x07, 0x48, 0x39, 0xf8, 0x48, 0x89, 0xf0, 0x72, 0xe3, 0xc5, 0xf5, 0x58,
    0xd2, 0x48, 0x6b, 0xc7, 0x9f, 0x48, 0x8b, 0x4c, 0x24, 0x10, 0xc5, 0xfb, 0x10, 0x0c, 0xc1, 0xc4,
    0xe3, 0x7d, 0x19, 0xd4, 0x01, 0xc5, 0xe9, 0x58, 0xd4, 0xc5, 0xe9, 0xc6, 0xe2, 0x01, 0xc5, 0xeb,
    0x58, 0xd4, 0x49, 0x89, 0xf9, 0x49, 0x29, 0xf1, 0x4c, 0x89, 0x34, 0x24, 0x0f, 0x86, 0xa4, 0x01,
    0x00, 0x00, 0x49, 0x83, 0xf9, 0x04, 0x73, 0x08, 0x49, 0x89, 0xf0, 0xe9, 0x6f, 0x01, 0x00, 0x00,
    0x4d, 0x89, 0xde, 0x4c, 0x89, 0xd3, 0x49, 0x83, 0xf9, 0x10, 0x73, 0x08, 0x45, 0x31, 0xd2, 0xe9,
    0xd8, 0x00, 0x00, 0x00, 0x4d, 0x89, 0xca, 0x49, 0xb8, 0xf0, 0xff, 0xff, 0xff, 0xff, 0xff, 0xff,
    0x7f, 0x4d, 0x21, 0xc2, 0xc5, 0xfa, 0x7e, 0xd2, 0x4c, 0x89, 0xc9, 0x4c, 0x21, 0xc1, 0x48, 0xf7,
    0xd9, 0x4c, 0x8d, 0x1c, 0xf5, 0x00, 0x00, 0x00, 0x00, 0x4c, 0x8b, 0x44, 0x24, 0x18, 0x4d, 0x29,
    0xd8, 0xc5, 0xd9, 0x57, 0xe4, 0x45, 0x31, 0xdb, 0xc5, 0xd1, 0x57, 0xed, 0xc5, 0xc9, 0x57, 0xf6,
    0xc4, 0x81, 0x7d, 0x10, 0x7c, 0xd8, 0xc0, 0xc4, 0x01, 0x7d, 0x10, 0x44, 0xd8, 0xe0, 0xc4, 0x01,
    0x7d, 0x10, 0x0c, 0xd8, 0xc4, 0x01, 0x7d, 0x10, 0x54, 0xd8, 0x20, 0xc4, 0x41, 0x2d, 0x59, 0xd2,
    0xc4, 0x43, 0xfd, 0x01, 0xd2, 0x1b, 0xc5, 0xad, 0x58, 0xd2, 0xc4, 0x41, 0x35, 0x59, 0xc9, 0xc4,
    0x43, 0xfd, 0x01, 0xc9, 0x1b, 0xc5, 0xb5, 0x58, 0xe4, 0xc4, 0x41, 0x3d, 0x59, 0xc0, 0xc4, 0x43,
    0xfd, 0x01, 0xc0, 0x1b, 0xc5, 0xbd, 0x58, 0xed, 0xc5, 0xc5, 0x59, 0xff, 0xc4, 0xe3, 0xfd, 0x01,
    0xff, 0x1b, 0xc5, 0xc5, 0x58, 0xf6, 0x49, 0x83, 0xc3, 0xf0, 0x4c, 0x39, 0xd9, 0x75, 0xa1, 0xc5,
    0xdd, 0x58, 0xd2, 0xc5, 0xd5, 0x58, 0xd2, 0xc5, 0xcd, 0x58, 0xd2, 0xc4, 0xe3, 0x7d, 0x19, 0xd4,
    0x01, 0xc5, 0xe9, 0x58, 0xd4, 0xc5, 0xe9, 0xc6, 0xe2, 0x01, 0xc5, 0xeb, 0x58, 0xd4, 0x4d, 0x39,
    0xd1, 0x75, 0x0f, 0x49, 0x89, 0xda, 0x4d, 0x89, 0xf3, 0x4c, 0x8b, 0x34, 0x24, 0xe9, 0xb4, 0x00,
    0x00, 0x00, 0x41, 0xf6, 0xc1, 0x0c, 0x0f, 0x84, 0x2c, 0x0c, 0x00, 0x00, 0x48, 0xb9, 0xf0, 0xff,
    0xff, 0xff, 0xff, 0xff, 0xff, 0x7f, 0x48, 0x83, 0xc1, 0x0c, 0x4c, 0x21, 0xc9, 0x4c, 0x8d, 0x04,
    0x0e, 0xc5, 0xfa, 0x7e, 0xd2, 0x48, 0xc1, 0xe6, 0x03, 0x4d, 0x89, 0xe3, 0x49, 0x29, 0xf3, 0x49,
    0xf7, 0xda, 0x4c, 0x89, 0xce, 0x49, 0xbd, 0xfc, 0xff, 0xff, 0xff, 0xff, 0xff, 0xff, 0x7f, 0x4c,
    0x21, 0xee, 0x48, 0xf7, 0xde, 0x66, 0x66, 0x2e, 0x0f, 0x1f, 0x84, 0x00, 0x00, 0x00, 0x00, 0x00,
    0xc4, 0x81, 0x7d, 0x10, 0x24, 0xd3, 0xc5, 0xdd, 0x59, 0xe4, 0xc4, 0xe3, 0xfd, 0x01, 0xe4, 0x1b,
    0xc5, 0xdd, 0x58, 0xd2, 0x49, 0x83, 0xc2, 0xfc, 0x4c, 0x39, 0xd6, 0x75, 0xe3, 0xc4, 0xe3, 0x7d,
    0x19, 0xd4, 0x01, 0xc5, 0xe9, 0x58, 0xd4, 0xc5, 0xe9, 0xc6, 0xe2, 0x01, 0xc5, 0xeb, 0x58, 0xd4,
    0x49, 0x39, 0xc9, 0x49, 0x89, 0xda, 0x4d, 0x89, 0xf3, 0x4c, 0x8b, 0x34, 0x24, 0x74, 0x27, 0x49,
    0xf7, 0xd8, 0x66, 0x66, 0x66, 0x66, 0x66, 0x2e, 0x0f, 0x1f, 0x84, 0x00, 0x00, 0x00, 0x00, 0x00,
    0xc4, 0x81, 0x7b, 0x10, 0x24, 0xc6, 0xc4, 0xe2, 0xd9, 0xb9, 0xd4, 0x49, 0xff, 0xc8, 0x48, 0x89,
    0xf9, 0x4c, 0x01, 0xc1, 0x75, 0xea, 0xc5, 0xf3, 0x5c, 0xca, 0xc5, 0xf9, 0x2e, 0xcb, 0x48, 0x8b,
    0x74, 0x24, 0x10, 0x0f, 0x86, 0x84, 0x0b, 0x00, 0x00, 0x48, 0x89, 0x6c, 0x24, 0x08, 0xc5, 0xf3,
    0x51, 0xd1, 0xc5, 0xfb, 0x11, 0x14, 0xc2, 0xc5, 0xfb, 0x5e, 0xd2, 0x48, 0x8d, 0x6f, 0x01, 0x48,
    0x89, 0xac, 0x24, 0x80, 0x00, 0x00, 0x00, 0x48, 0x8b, 0x44, 0x24, 0x28, 0x4c, 0x89, 0x9c, 0x24,
    0x88, 0x00, 0x00, 0x00, 0x4c, 0x89, 0xd9, 0x4c, 0x89, 0xbc, 0x24, 0x90, 0x00, 0x00, 0x00, 0x4c,
    0x89, 0x94, 0x24, 0x98, 0x00, 0x00, 0x00, 0x48, 0x83, 0xff, 0x5b, 0x0f, 0x86, 0x47, 0x02, 0x00,
    0x00, 0x48, 0x83, 0xfd, 0x5f, 0x0f, 0x87, 0x05, 0xfb, 0xff, 0xff, 0x48, 0xc7, 0xc1, 0xfd, 0xff,
    0xff, 0xff, 0x48, 0x8b, 0x44, 0x24, 0x08, 0x48, 0x29, 0xc1, 0x48, 0x89, 0x8c, 0x24, 0xf8, 0x00,
    0x00, 0x00, 0x48, 0xc7, 0xc1, 0xf9, 0xff, 0xff, 0xff, 0x48, 0x29, 0xc1, 0x48, 0x89, 0x8c, 0x24,
    0xf0, 0x00, 0x00, 0x00, 0x48, 0xc7, 0xc1, 0xf5, 0xff, 0xff, 0xff, 0x48, 0x29, 0xc1, 0x48, 0x89,
    0x8c, 0x24, 0xe8, 0x00, 0x00, 0x00, 0x48, 0xc7, 0xc1, 0xf1, 0xff, 0xff, 0xff, 0x48, 0x29, 0xc1,
    0x48, 0x89, 0x8c, 0x24, 0xe0, 0x00, 0x00, 0x00, 0x48, 0xc7, 0xc1, 0xed, 0xff, 0xff, 0xff, 0x48,
    0x29, 0xc1, 0x48, 0x89, 0x8c, 0x24, 0xd8, 0x00, 0x00, 0x00, 0x48, 0xc7, 0xc1, 0xe9, 0xff, 0xff,
    0xff, 0x48, 0x29, 0xc1, 0x48, 0x89, 0x8c, 0x24, 0xd0, 0x00, 0x00, 0x00, 0x48, 0xc7, 0xc1, 0xe5,
    0xff, 0xff, 0xff, 0x48, 0x29, 0xc1, 0x48, 0x89, 0x8c, 0x24, 0xc8, 0x00, 0x00, 0x00, 0x48, 0xc7,
    0xc1, 0xe1, 0xff, 0xff, 0xff, 0x48, 0x29, 0xc1, 0x48, 0x89, 0x8c, 0x24, 0xc0, 0x00, 0x00, 0x00,
    0x48, 0xc7, 0xc1, 0xdd, 0xff, 0xff, 0xff, 0x48, 0x29, 0xc1, 0x48, 0x89, 0x8c, 0x24, 0xb8, 0x00,
    0x00, 0x00, 0x48, 0xc7, 0xc1, 0xd9, 0xff, 0xff, 0xff, 0x48, 0x29, 0xc1, 0x48, 0x89, 0x8c, 0x24,
    0xb0, 0x00, 0x00, 0x00, 0x48, 0xc7, 0xc1, 0xd5, 0xff, 0xff, 0xff, 0x48, 0x29, 0xc1, 0x48, 0x89,
    0x8c, 0x24, 0xa8, 0x00, 0x00, 0x00, 0x48, 0xc7, 0xc1, 0xd1, 0xff, 0xff, 0xff, 0x48, 0x29, 0xc1,
    0x48, 0x89, 0x8c, 0x24, 0xa0, 0x00, 0x00, 0x00, 0x48, 0xc7, 0xc1, 0xcd, 0xff, 0xff, 0xff, 0x48,
    0x29, 0xc1, 0x48, 0x89, 0x4c, 0x24, 0x78, 0x48, 0xc7, 0xc1, 0xc9, 0xff, 0xff, 0xff, 0x48, 0x29,
    0xc1, 0x48, 0x89, 0x4c, 0x24, 0x70, 0x48, 0xc7, 0xc1, 0xc5, 0xff, 0xff, 0xff, 0x48, 0x29, 0xc1,
    0x48, 0x89, 0x4c, 0x24, 0x68, 0x48, 0xc7, 0xc1, 0xc1, 0xff, 0xff, 0xff, 0x48, 0x29, 0xc1, 0x48,
    0x89, 0x4c, 0x24, 0x60, 0x48, 0xc7, 0xc1, 0xbd, 0xff, 0xff, 0xff, 0x48, 0x29, 0xc1, 0x48, 0x89,
    0x4c, 0x24, 0x58, 0x48, 0xc7, 0xc1, 0xb9, 0xff, 0xff, 0xff, 0x48, 0x29, 0xc1, 0x48, 0x89, 0x4c,
    0x24, 0x50, 0x48, 0xc7, 0xc1, 0xb5, 0xff, 0xff, 0xff, 0x48, 0x29, 0xc1, 0x48, 0x89, 0x4c, 0x24,
    0x48, 0x48, 0xc7, 0xc1, 0xb1, 0xff, 0xff, 0xff, 0x48, 0x29, 0xc1, 0x48, 0x89, 0x4c, 0x24, 0x40,
    0x48, 0x89, 0xe8, 0x48, 0xc1, 0xe0, 0x08, 0x48, 0x8d, 0x04, 0x40, 0x4c, 0x8b, 0x5c, 0x24, 0x38,
    0x49, 0x29, 0xc3, 0x4c, 0x8b, 0x54, 0x24, 0x30, 0x49, 0x29, 0xc2, 0x49, 0x89, 0xd7, 0x49, 0x29,
    0xc7, 0xe9, 0x8d, 0x04, 0x00, 0x00, 0x66, 0x2e, 0x0f, 0x1f, 0x84, 0x00, 0x00, 0x00, 0x00, 0x00,
    0x4c, 0x8b, 0x34, 0x24, 0x49, 0x89, 0xe8, 0x49, 0xc1, 0xe0, 0x05, 0x4f, 0x8d, 0x04, 0x40, 0x4d,
    0x89, 0xc1, 0x49, 0xf7, 0xd9, 0x49, 0x29, 0xf9, 0xc4, 0xa1, 0x7b, 0x10, 0x34, 0xce, 0xc4, 0xc1,
    0x4b, 0x5c, 0xf1, 0xc5, 0xcb, 0x59, 0xf2, 0xc4, 0xa1, 0x7b, 0x11, 0x34, 0xca, 0x49, 0x01, 0xf8,
    0x49, 0xc1, 0xe0, 0x03, 0x49, 0xc7, 0xc1, 0x00, 0xfd, 0xff, 0xff, 0x4d, 0x29, 0xc1, 0xc4, 0xa1,
    0x7b, 0x10, 0x34, 0x0e, 0xc4, 0xc1, 0x4b, 0x5c, 0xf0, 0xc5, 0xcb, 0x59, 0xf2, 0xc4, 0xa1, 0x7b,
    0x11, 0x34, 0x0a, 0x49, 0xc7, 0xc1, 0x00, 0xfa, 0xff, 0xff, 0x4d, 0x29, 0xc1, 0xc4, 0xa1, 0x7b,
    0x10, 0x34, 0x0e, 0xc5, 0xcb, 0x5c, 0xed, 0xc5, 0xd3, 0x59, 0xea, 0xc4, 0xa1, 0x7b, 0x11, 0x2c,
    0x0a, 0x49, 0xc7, 0xc1, 0x00, 0xf7, 0xff, 0xff, 0x4d, 0x29, 0xc1, 0xc4, 0xa1, 0x7b, 0x10, 0x2c,
    0x0e, 0xc5, 0xd3, 0x5c, 0xe4, 0xc5, 0xdb, 0x59, 0xe2, 0xc4, 0xa1, 0x7b, 0x11, 0x24, 0x0a, 0x49,
    0x81, 0xc2, 0x00, 0xf4, 0xff, 0xff, 0x49, 0x81, 0xc7, 0x00, 0xf4, 0xff, 0xff, 0x48, 0x81, 0xc1,
    0x00, 0xf4, 0xff, 0xff, 0x48, 0x05, 0x00, 0xf4, 0xff, 0xff, 0x48, 0x83, 0xfd, 0x59, 0x48, 0x8d,
    0x6d, 0x04, 0x0f, 0x83, 0xb9, 0xfd, 0xff, 0xff, 0x48, 0x83, 0xff, 0x08, 0x0f, 0x82, 0xfe, 0x00,
    0x00, 0x00, 0xc4, 0x41, 0x39, 0x57, 0xc0, 0x45, 0x31, 0xc0, 0xc4, 0x41, 0x31, 0x57, 0xc9, 0xc4,
    0x41, 0x21, 0x57, 0xdb, 0xc4, 0x41, 0x29, 0x57, 0xd2, 0x45, 0x31, 0xc9, 0xc5, 0xc1, 0x57, 0xff,
    0xc5, 0xc9, 0x57, 0xf6, 0xc5, 0xd1, 0x57, 0xed, 0xc5, 0xd9, 0x57, 0xe4, 0x0f, 0x1f, 0x40, 0x00,
    0xc4, 0x01, 0x7d, 0x10, 0x64, 0x04, 0xe0, 0xc4, 0x01, 0x7d, 0x10, 0x2c, 0x04, 0xc4, 0x02, 0x95,
    0xb8, 0x04, 0x02, 0xc4, 0x02, 0x9d, 0xb8, 0x4c, 0x02, 0xe0, 0xc4, 0x02, 0x95, 0xb8, 0x9c, 0x02,
    0x00, 0xfd, 0xff, 0xff, 0xc4, 0x02, 0x9d, 0xb8, 0x94, 0x02, 0xe0, 0xfc, 0xff, 0xff, 0xc4, 0x82,
    0x95, 0xb8, 0xa4, 0x02, 0x00, 0xfa, 0xff, 0xff, 0xc4, 0x82, 0x9d, 0xb8, 0xac, 0x02, 0xe0, 0xf9,
    0xff, 0xff, 0xc4, 0x82, 0x95, 0xb8, 0xb4, 0x02, 0x00, 0xf7, 0xff, 0xff, 0xc4, 0x82, 0x9d, 0xb8,
    0xbc, 0x02, 0xe0, 0xf6, 0xff, 0xff, 0x4d, 0x8d, 0x59, 0x08, 0x49, 0x83, 0xc1, 0x0f, 0x49, 0x83,
    0xc0, 0xc0, 0x49, 0x39, 0xf9, 0x4d, 0x89, 0xd9, 0x72, 0x96, 0x4d, 0x89, 0xd8, 0x49, 0x83, 0xc8,
    0x03, 0x49, 0x39, 0xf8, 0x0f, 0x83, 0x8d, 0x00, 0x00, 0x00, 0x4e, 0x8d, 0x04, 0xdd, 0x00, 0x00,
    0x00, 0x00, 0x49, 0xf7, 0xd8, 0x66, 0x66, 0x2e, 0x0f, 0x1f, 0x84, 0x00, 0x00, 0x00, 0x00, 0x00,
    0xc4, 0x01, 0x7d, 0x10, 0x24, 0x04, 0xc4, 0x02, 0x9d, 0xb8, 0x84, 0x07, 0x00, 0x09, 0x00, 0x00,
    0xc4, 0x02, 0x9d, 0xb8, 0x9c, 0x07, 0x00, 0x06, 0x00, 0x00, 0xc4, 0x82, 0x9d, 0xb8, 0xa4, 0x07,
    0x00, 0x03, 0x00, 0x00, 0xc4, 0x82, 0x9d, 0xb8, 0x34, 0x07, 0x4d, 0x8d, 0x73, 0x04, 0x49, 0x83,
    0xc3, 0x07, 0x49, 0x83, 0xc0, 0xe0, 0x49, 0x39, 0xfb, 0x4d, 0x89, 0xf3, 0x72, 0xc2, 0xeb, 0x3a,
    0xc5, 0xd9, 0x57, 0xe4, 0xc5, 0xd1, 0x57, 0xed, 0xc5, 0xc9, 0x57, 0xf6, 0xc5, 0xc1, 0x57, 0xff,
    0x45, 0x31, 0xdb, 0xc4, 0x41, 0x29, 0x57, 0xd2, 0xc4, 0x41, 0x21, 0x57, 0xdb, 0xc4, 0x41, 0x31,
    0x57, 0xc9, 0xc4, 0x41, 0x39, 0x57, 0xc0, 0x4d, 0x89, 0xd8, 0x49, 0x83, 0xc8, 0x03, 0x49, 0x39,
    0xf8, 0x0f, 0x82, 0x73, 0xff, 0xff, 0xff, 0x4d, 0x89, 0xde, 0xc4, 0x41, 0x25, 0x58, 0xd2, 0xc4,
    0x41, 0x3d, 0x58, 0xc1, 0xc4, 0x43, 0x7d, 0x19, 0xc1, 0x01, 0xc4, 0x41, 0x39, 0x58, 0xc1, 0xc4,
    0x41, 0x39, 0x7c, 0xc8, 0xc4, 0x43, 0x7d, 0x19, 0xd0, 0x01, 0xc4, 0x41, 0x29, 0x58, 0xc0, 0xc4,
    0x41, 0x39, 0x7c, 0xc0, 0xc5, 0xcd, 0x58, 0xf7, 0xc5, 0xdd, 0x58, 0xe5, 0xc4, 0xe3, 0x7d, 0x19,
    0xe5, 0x01, 0xc5, 0xd9, 0x58, 0xe5, 0xc5, 0xd9, 0x7c, 0xec, 0xc4, 0xe3, 0x7d, 0x19, 0xf4, 0x01,
    0xc5, 0xc9, 0x58, 0xe4, 0xc5, 0xd9, 0x7c, 0xe4, 0x48, 0x89, 0xfb, 0x4c, 0x29, 0xf3, 0x0f, 0x86,
    0xac, 0xfd, 0xff, 0xff, 0x48, 0x83, 0xfb, 0x08, 0x73, 0x16, 0x4d, 0x89, 0xf3, 0x4c, 0x8b, 0x34,
    0x24, 0xe9, 0x94, 0x01, 0x00, 0x00, 0x66, 0x2e, 0x0f, 0x1f, 0x84, 0x00, 0x00, 0x00, 0x00, 0x00,
    0x41, 0x89, 0xd8, 0x41, 0x83, 0xe0, 0x78, 0x4f, 0x8d, 0x1c, 0x06, 0xc5, 0xfa, 0x7e, 0xe4, 0xc5,
    0xfa, 0x7e, 0xed, 0xc5, 0x79, 0xd6, 0xc7, 0xc5, 0x79, 0xd6, 0xce, 0x41, 0x89, 0xfd, 0x45, 0x29,
    0xf5, 0x41, 0x83, 0xe5, 0x78, 0x49, 0xf7, 0xdd, 0x49, 0xc1, 0xe6, 0x03, 0x48, 0x8b, 0x74, 0x24,
    0x18, 0x4c, 0x29, 0xf6, 0x49, 0x89, 0xc9, 0x4d, 0x29, 0xf1, 0xc4, 0x41, 0x29, 0x57, 0xd2, 0x45,
    0x31, 0xf6, 0xc4, 0x41, 0x21, 0x57, 0xdb, 0xc4, 0x41, 0x39, 0x57, 0xc0, 0xc4, 0x41, 0x31, 0x57,
    0xc9, 0x66, 0x66, 0x66, 0x66, 0x66, 0x66, 0x2e, 0x0f, 0x1f, 0x84, 0x00, 0x00, 0x00, 0x00, 0x00,
    0xc4, 0x21, 0x7d, 0x10, 0x24, 0xf6, 0xc4, 0x21, 0x7d, 0x10, 0x6c, 0xf6, 0x20, 0xc4, 0x01, 0x15,
    0x59, 0xb4, 0xf1, 0x00, 0x03, 0x00, 0x00, 0xc4, 0x43, 0xfd, 0x01, 0xf6, 0x1b, 0xc5, 0x8d, 0x58,
    0xf6, 0xc4, 0x01, 0x1d, 0x59, 0xb4, 0xf1, 0xe0, 0x02, 0x00, 0x00, 0xc4, 0x43, 0xfd, 0x01, 0xf6,
    0x1b, 0xc4, 0x41, 0x0d, 0x58, 0xc9, 0xc4, 0x01, 0x15, 0x59, 0x34, 0xf1, 0xc4, 0x43, 0xfd, 0x01,
    0xf6, 0x1b, 0xc5, 0x8d, 0x58, 0xff, 0xc4, 0x01, 0x1d, 0x59, 0x74, 0xf1, 0xe0, 0xc4, 0x43, 0xfd,
    0x01, 0xf6, 0x1b, 0xc4, 0x41, 0x0d, 0x58, 0xc0, 0xc4, 0x01, 0x15, 0x59, 0xb4, 0xf1, 0x00, 0xfd,
    0xff, 0xff, 0xc4, 0x43, 0xfd, 0x01, 0xf6, 0x1b, 0xc5, 0x8d, 0x58, 0xed, 0xc4, 0x01, 0x1d, 0x59,
    0xb4, 0xf1, 0xe0, 0xfc, 0xff, 0xff, 0xc4, 0x43, 0xfd, 0x01, 0xf6, 0x1b, 0xc4, 0x41, 0x0d, 0x58,
    0xdb, 0xc4, 0x01, 0x15, 0x59, 0xac, 0xf1, 0x00, 0xfa, 0xff, 0xff, 0xc4, 0x43, 0xfd, 0x01, 0xed,
    0x1b, 0xc5, 0x95, 0x58, 0xe4, 0xc4, 0x01, 0x1d, 0x59, 0xa4, 0xf1, 0xe0, 0xf9, 0xff, 0xff, 0xc4,
    0x43, 0xfd, 0x01, 0xe4, 0x1b, 0xc4, 0x41, 0x1d, 0x58, 0xd2, 0x49, 0x83, 0xc6, 0xf8, 0x4d, 0x39,
    0xf5, 0x0f, 0x85, 0x49, 0xff, 0xff, 0xff, 0xc5, 0xad, 0x58, 0xe4, 0xc4, 0xc3, 0x7d, 0x19, 0xe2,
    0x01, 0xc5, 0xa9, 0x58, 0xe4, 0xc5, 0x59, 0xc6, 0xd4, 0x01, 0xc5, 0xab, 0x58, 0xe4, 0xc5, 0xa5,
    0x58, 0xed, 0xc4, 0xc3, 0x7d, 0x19, 0xea, 0x01, 0xc5, 0xa9, 0x58, 0xed, 0xc5, 0x51, 0xc6, 0xd5,
    0x01, 0xc5, 0xab, 0x58, 0xed, 0xc5, 0xbd, 0x58, 0xff, 0xc4, 0xc3, 0x7d, 0x19, 0xf8, 0x01, 0xc5,
    0xb9, 0x58, 0xff, 0xc5, 0x41, 0xc6, 0xc7, 0x01, 0xc5, 0x3b, 0x58, 0xc7, 0xc5, 0xb5, 0x58, 0xf6,
    0xc4, 0xe3, 0x7d, 0x19, 0xf7, 0x01, 0xc5, 0xc9, 0x58, 0xf7, 0xc5, 0xc9, 0xc6, 0xfe, 0x01, 0xc5,
    0x4b, 0x58, 0xcf, 0x4c, 0x39, 0xc3, 0x48, 0x8b, 0x54, 0x24, 0x20, 0x48, 0x8b, 0x74, 0x24, 0x10,
    0x4c, 0x8b, 0x34, 0x24, 0x0f, 0x84, 0x0a, 0xfc, 0xff, 0xff, 0x49, 0xf7, 0xdb, 0x0f, 0x1f, 0x00,
    0xc4, 0x81, 0x7b, 0x10, 0x34, 0xde, 0xc4, 0x22, 0xc9, 0xb9, 0x8c, 0xd8, 0x00, 0x03, 0x00, 0x00,
    0xc4, 0x22, 0xc9, 0xb9, 0x04, 0xd8, 0xc4, 0xa2, 0xc9, 0xb9, 0xac, 0xd8, 0x00, 0xfd, 0xff, 0xff,
    0xc4, 0xa2, 0xc9, 0xb9, 0xa4, 0xd8, 0x00, 0xfa, 0xff, 0xff, 0x49, 0xff, 0xcb, 0x49, 0x89, 0xf8,
    0x4d, 0x01, 0xd8, 0x75, 0xcb, 0xe9, 0xca, 0xfb, 0xff, 0xff, 0x48, 0x8b, 0x54, 0x24, 0x20, 0x4c,
    0x8b, 0x34, 0x24, 0x4c, 0x8b, 0x54, 0x24, 0x08, 0x0f, 0x1f, 0x84, 0x00, 0x00, 0x00, 0x00, 0x00,
    0xc5, 0xdb, 0x5c, 0xe5, 0x49, 0xf7, 0xdd, 0xc5, 0xdb, 0x59, 0xe2, 0xc4, 0xa1, 0x7b, 0x11, 0x24,
    0xea, 0x48, 0xff, 0xc5, 0x49, 0x81, 0xc3, 0x00, 0xfd, 0xff, 0xff, 0x49, 0x81, 0xc2, 0x00, 0xfd,
    0xff, 0xff, 0x49, 0x81, 0xc7, 0x00, 0xfd, 0xff, 0xff, 0x48, 0x83, 0xfd, 0x60, 0x0f, 0x84, 0xfd,
    0xf4, 0xff, 0xff, 0x48, 0x89, 0xe8, 0x48, 0xc1, 0xe0, 0x05, 0x4c, 0x8d, 0x2c, 0x40, 0x48, 0x83,
    0xff, 0x0f, 0x0f, 0x86, 0x98, 0x02, 0x00, 0x00, 0x48, 0xc7, 0xc0, 0xfd, 0xff, 0xff, 0xff, 0x4c,
    0x29, 0xe8, 0x48, 0xc7, 0xc1, 0xf9, 0xff, 0xff, 0xff, 0x4c, 0x29, 0xe9, 0x49, 0xc7, 0xc0, 0xf5,
    0xff, 0xff, 0xff, 0x4d, 0x29, 0xe8, 0x49, 0xc7, 0xc1, 0xf1, 0xff, 0xff, 0xff, 0x4d, 0x29, 0xe9,
    0xc5, 0xfd, 0x10, 0x24, 0xc2, 0xc5, 0xfd, 0x10, 0x2c, 0xca, 0xc4, 0xa1, 0x7d, 0x10, 0x34, 0xc2,
    0xc4, 0xa1, 0x7d, 0x10, 0x3c, 0xca, 0x48, 0x8b, 0x84, 0x24, 0xf8, 0x00, 0x00, 0x00, 0xc5, 0xdd,
    0x59, 0x24, 0xc2, 0x48, 0x8b, 0x84, 0x24, 0xf0, 0x00, 0x00, 0x00, 0xc5, 0xd5, 0x59, 0x2c, 0xc2,
    0x48, 0x8b, 0x84, 0x24, 0xe8, 0x00, 0x00, 0x00, 0xc5, 0xcd, 0x59, 0x34, 0xc2, 0x48, 0x8b, 0x84,
    0x24, 0xe0, 0x00, 0x00, 0x00, 0xc5, 0xc5, 0x59, 0x3c, 0xc2, 0xb8, 0x10, 0x00, 0x00, 0x00, 0x48,
    0x83, 0xff, 0x20, 0x0f, 0x82, 0xf7, 0x01, 0x00, 0x00, 0x48, 0xc7, 0xc0, 0xed, 0xff, 0xff, 0xff,
    0x4c, 0x29, 0xe8, 0x48, 0xc7, 0xc1, 0xe9, 0xff, 0xff, 0xff, 0x4c, 0x29, 0xe9, 0x49, 0xc7, 0xc0,
    0xe5, 0xff, 0xff, 0xff, 0x4d, 0x29, 0xe8, 0x49, 0xc7, 0xc1, 0xe1, 0xff, 0xff, 0xff, 0x4d, 0x29,
    0xe9, 0xc5, 0x7d, 0x10, 0x04, 0xc2, 0xc5, 0x7d, 0x10, 0x0c, 0xca, 0xc4, 0x21, 0x7d, 0x10, 0x14,
    0xc2, 0xc4, 0x21, 0x7d, 0x10, 0x1c, 0xca, 0x48, 0x8b, 0x84, 0x24, 0xd8, 0x00, 0x00, 0x00, 0xc4,
    0xe2, 0xbd, 0xb8, 0x24, 0xc2, 0x48, 0x8b, 0x84, 0x24, 0xd0, 0x00, 0x00, 0x00, 0xc4, 0xe2, 0xb5,
    0xb8, 0x2c, 0xc2, 0x48, 0x8b, 0x84, 0x24, 0xc8, 0x00, 0x00, 0x00, 0xc4, 0xe2, 0xad, 0xb8, 0x34,
    0xc2, 0x48, 0x8b, 0x84, 0x24, 0xc0, 0x00, 0x00, 0x00, 0xc4, 0xe2, 0xa5, 0xb8, 0x3c, 0xc2, 0xb8,
    0x20, 0x00, 0x00, 0x00, 0x48, 0x83, 0xff, 0x30, 0x0f, 0x82, 0x72, 0x01, 0x00, 0x00, 0x48, 0xc7,
    0xc0, 0xdd, 0xff, 0xff, 0xff, 0x4c, 0x29, 0xe8, 0x48, 0xc7, 0xc1, 0xd9, 0xff, 0xff, 0xff, 0x4c,
    0x29, 0xe9, 0x49, 0xc7, 0xc0, 0xd5, 0xff, 0xff, 0xff, 0x4d, 0x29, 0xe8, 0x49, 0xc7, 0xc1, 0xd1,
    0xff, 0xff, 0xff, 0x4d, 0x29, 0xe9, 0xc5, 0x7d, 0x10, 0x04, 0xc2, 0xc5, 0x7d, 0x10, 0x0c, 0xca,
    0xc4, 0x21, 0x7d, 0x10, 0x14, 0xc2, 0xc4, 0x21, 0x7d, 0x10, 0x1c, 0xca, 0x48, 0x8b, 0x84, 0x24,
    0xb8, 0x00, 0x00, 0x00, 0xc4, 0xe2, 0xbd, 0xb8, 0x24, 0xc2, 0x48, 0x8b, 0x84, 0x24, 0xb0, 0x00,
    0x00, 0x00, 0xc4, 0xe2, 0xb5, 0xb8, 0x2c, 0xc2, 0x48, 0x8b, 0x84, 0x24, 0xa8, 0x00, 0x00, 0x00,
    0xc4, 0xe2, 0xad, 0xb8, 0x34, 0xc2, 0x48, 0x8b, 0x84, 0x24, 0xa0, 0x00, 0x00, 0x00, 0xc4, 0xe2,
    0xa5, 0xb8, 0x3c, 0xc2, 0xb8, 0x30, 0x00, 0x00, 0x00, 0x48, 0x83, 0xff, 0x40, 0x0f, 0x82, 0xed,
    0x00, 0x00, 0x00, 0x48, 0xc7, 0xc0, 0xcd, 0xff, 0xff, 0xff, 0x4c, 0x29, 0xe8, 0x48, 0xc7, 0xc1,
    0xc9, 0xff, 0xff, 0xff, 0x4c, 0x29, 0xe9, 0x49, 0xc7, 0xc0, 0xc5, 0xff, 0xff, 0xff, 0x4d, 0x29,
    0xe8, 0x49, 0xc7, 0xc1, 0xc1, 0xff, 0xff, 0xff, 0x4d, 0x29, 0xe9, 0xc5, 0x7d, 0x10, 0x04, 0xc2,
    0xc5, 0x7d, 0x10, 0x0c, 0xca, 0xc4, 0x21, 0x7d, 0x10, 0x14, 0xc2, 0xc4, 0x21, 0x7d, 0x10, 0x1c,
    0xca, 0x48, 0x8b, 0x44, 0x24, 0x78, 0xc4, 0xe2, 0xbd, 0xb8, 0x24, 0xc2, 0x48, 0x8b, 0x44, 0x24,
    0x70, 0xc4, 0xe2, 0xb5, 0xb8, 0x2c, 0xc2, 0x48, 0x8b, 0x44, 0x24, 0x68, 0xc4, 0xe2, 0xad, 0xb8,
    0x34, 0xc2, 0x48, 0x8b, 0x44, 0x24, 0x60, 0xc4, 0xe2, 0xa5, 0xb8, 0x3c, 0xc2, 0xb8, 0x40, 0x00,
    0x00, 0x00, 0x48, 0x83, 0xff, 0x50, 0x72, 0x78, 0x48, 0xc7, 0xc0, 0xbd, 0xff, 0xff, 0xff, 0x4c,
    0x29, 0xe8, 0xc5, 0x7d, 0x10, 0x04, 0xc2, 0x48, 0xc7, 0xc0, 0xb9, 0xff, 0xff, 0xff, 0x4c, 0x29,
    0xe8, 0xc5, 0x7d, 0x10, 0x0c, 0xc2, 0x48, 0xc7, 0xc0, 0xb5, 0xff, 0xff, 0xff, 0x4c, 0x29, 0xe8,
    0xc5, 0x7d, 0x10, 0x14, 0xc2, 0x48, 0xc7, 0xc0, 0xb1, 0xff, 0xff, 0xff, 0x4c, 0x29, 0xe8, 0x48,
    0x8b, 0x4c, 0x24, 0x58, 0xc4, 0xe2, 0xbd, 0xb8, 0x24, 0xca, 0x48, 0x8b, 0x4c, 0x24, 0x50, 0xc4,
    0xe2, 0xb5, 0xb8, 0x2c, 0xca, 0x48, 0x8b, 0x4c, 0x24, 0x48, 0xc4, 0xe2, 0xad, 0xb8, 0x34, 0xca,
    0xc5, 0x7d, 0x10, 0x04, 0xc2, 0x48, 0x8b, 0x44, 0x24, 0x40, 0xc4, 0xe2, 0xbd, 0xb8, 0x3c, 0xc2,
    0xb8, 0x50, 0x00, 0x00, 0x00, 0x66, 0x66, 0x2e, 0x0f, 0x1f, 0x84, 0x00, 0x00, 0x00, 0x00, 0x00,
    0xc5, 0xcd, 0x58, 0xed, 0xc5, 0xd5, 0x58, 0xef, 0x48, 0x89, 0xc1, 0x48, 0x83, 0xc9, 0x03, 0x48,
    0x39, 0xf9, 0x72, 0x22, 0x48, 0x89, 0xc3, 0xeb, 0x47, 0x0f, 0x1f, 0x80, 0x00, 0x00, 0x00, 0x00,
    0xc5, 0xd1, 0x57, 0xed, 0x31, 0xc0, 0xc5, 0xd9, 0x57, 0xe4, 0x48, 0x89, 0xc1, 0x48, 0x83, 0xc9,
    0x03, 0x48, 0x39, 0xf9, 0x73, 0xde, 0x8d, 0x0c, 0xc5, 0x00, 0x00, 0x00, 0x00, 0x48, 0xf7, 0xd9,
    0xc4, 0xc1, 0x7d, 0x10, 0x34, 0x0b, 0xc4, 0xc2, 0xcd, 0xb8, 0x24, 0x0c, 0x48, 0x8d, 0x58, 0x04,
    0x48, 0x83, 0xc1, 0xe0, 0x48, 0x83, 0xc0, 0x07, 0x48, 0x39, 0xf8, 0x48, 0x89, 0xd8, 0x72, 0xe0,
    0xc5, 0xdd, 0x58, 0xed, 0x49, 0x01, 0xfd, 0x4a, 0x8d, 0x04, 0xed, 0x00, 0x00, 0x00, 0x00, 0x48,
    0x89, 0xf1, 0x48, 0x29, 0xc1, 0xc5, 0xfb, 0x10, 0x21, 0xc4, 0xe3, 0x7d, 0x19, 0xee, 0x01, 0xc5,
    0xd1, 0x58, 0xee, 0xc5, 0xd1, 0xc6, 0xf5, 0x01, 0xc5, 0xd3, 0x58, 0xee, 0x48, 0x89, 0xf8, 0x48,
    0x29, 0xd8, 0x0f, 0x86, 0xa8, 0xfc, 0xff, 0xff, 0x48, 0x83, 0xf8, 0x04, 0x73, 0x12, 0x49, 0x89,
    0xd9, 0xe9, 0xa8, 0x01, 0x00, 0x00, 0x66, 0x2e, 0x0f, 0x1f, 0x84, 0x00, 0x00, 0x00, 0x00, 0x00,
    0x48, 0x83, 0xf8, 0x10, 0x4c, 0x89, 0x54, 0x24, 0x08, 0x73, 0x08, 0x45, 0x31, 0xf6, 0xe9, 0xf4,
    0x00, 0x00, 0x00, 0x49, 0x89, 0xc6, 0x48, 0xba, 0xf0, 0xff, 0xff, 0xff, 0xff, 0xff, 0xff, 0x7f,
    0x49, 0x21, 0xd6, 0xc5, 0xfa, 0x7e, 0xed, 0x48, 0x89, 0xc1, 0x48, 0x21, 0xd1, 0x48, 0xf7, 0xd9,
    0x4c, 0x8d, 0x04, 0xdd, 0x00, 0x00, 0x00, 0x00, 0x4d, 0x89, 0xd1, 0x4d, 0x29, 0xc1, 0x48, 0x8b,
    0x74, 0x24, 0x18, 0x4c, 0x29, 0xc6, 0xc5, 0xc9, 0x57, 0xf6, 0x45, 0x31, 0xd2, 0xc5, 0xc1, 0x57,
    0xff, 0xc4, 0x41, 0x39, 0x57, 0xc0, 0x66, 0x2e, 0x0f, 0x1f, 0x84, 0x00, 0x00, 0x00, 0x00, 0x00,
    0xc4, 0x21, 0x7d, 0x10, 0x4c, 0xd6, 0xc0, 0xc4, 0x21, 0x7d, 0x10, 0x54, 0xd6, 0xe0, 0xc4, 0x21,
    0x7d, 0x10, 0x1c, 0xd6, 0xc4, 0x21, 0x7d, 0x10, 0x64, 0xd6, 0x20, 0xc4, 0x01, 0x1d, 0x59, 0x64,
    0xd1, 0x60, 0xc4, 0x43, 0xfd, 0x01, 0xe4, 0x1b, 0xc5, 0x9d, 0x58, 0xed, 0xc4, 0x01, 0x25, 0x59,
    0x5c, 0xd1, 0x40, 0xc4, 0x43, 0xfd, 0x01, 0xdb, 0x1b, 0xc5, 0xa5, 0x58, 0xf6, 0xc4, 0x01, 0x2d,
    0x59, 0x54, 0xd1, 0x20, 0xc4, 0x43, 0xfd, 0x01, 0xd2, 0x1b, 0xc5, 0xad, 0x58, 0xff, 0xc4, 0x01,
    0x35, 0x59, 0x0c, 0xd1, 0xc4, 0x43, 0xfd, 0x01, 0xc9, 0x1b, 0xc4, 0x41, 0x35, 0x58, 0xc0, 0x49,
    0x83, 0xc2, 0xf0, 0x4c, 0x39, 0xd1, 0x75, 0x98, 0xc5, 0xcd, 0x58, 0xed, 0xc5, 0xc5, 0x58, 0xed,
    0xc5, 0xbd, 0x58, 0xed, 0xc4, 0xe3, 0x7d, 0x19, 0xee, 0x01, 0xc5, 0xd1, 0x58, 0xee, 0xc5, 0xd1,
    0xc6, 0xf5, 0x01, 0xc5, 0xd3, 0x58, 0xee, 0x4c, 0x39, 0xf0, 0x48, 0x8b, 0x74, 0x24, 0x10, 0x0f,
    0x84, 0x85, 0xfb, 0xff, 0xff, 0xa8, 0x0c, 0x48, 0x8b, 0x54, 0x24, 0x20, 0x4c, 0x8b, 0x54, 0x24,
    0x08, 0x0f, 0x84, 0xc5, 0x00, 0x00, 0x00, 0x48, 0xb9, 0xf0, 0xff, 0xff, 0xff, 0xff, 0xff, 0xff,
    0x7f, 0x48, 0x83, 0xc1, 0x0c, 0x48, 0x21, 0xc1, 0x4c, 0x8d, 0x0c, 0x0b, 0xc5, 0xfa, 0x7e, 0xed,
    0x49, 0x89, 0xc2, 0x48, 0xba, 0xfc, 0xff, 0xff, 0xff, 0xff, 0xff, 0xff, 0x7f, 0x49, 0x21, 0xd2,
    0x49, 0xf7, 0xda, 0x49, 0xf7, 0xde, 0x48, 0xc1, 0xe3, 0x03, 0x4c, 0x89, 0xe6, 0x48, 0x29, 0xde,
    0x4d, 0x89, 0xd8, 0x49, 0x29, 0xd8, 0x66, 0x2e, 0x0f, 0x1f, 0x84, 0x00, 0x00, 0x00, 0x00, 0x00,
    0xc4, 0xa1, 0x7d, 0x10, 0x34, 0xf6, 0xc4, 0x81, 0x4d, 0x59, 0x34, 0xf0, 0xc4, 0xe3, 0xfd, 0x01,
    0xf6, 0x1b, 0xc5, 0xcd, 0x58, 0xed, 0x49, 0x83, 0xc6, 0xfc, 0x4d, 0x39, 0xf2, 0x75, 0xe1, 0xc4,
    0xe3, 0x7d, 0x19, 0xee, 0x01, 0xc5, 0xd1, 0x58, 0xee, 0xc5, 0xd1, 0xc6, 0xf5, 0x01, 0xc5, 0xd3,
    0x58, 0xee, 0x48, 0x39, 0xc8, 0x48, 0x8b, 0x54, 0x24, 0x20, 0x48, 0x8b, 0x74, 0x24, 0x10, 0x4c,
    0x8b, 0x34, 0x24, 0x4c, 0x8b, 0x54, 0x24, 0x08, 0x0f, 0x84, 0xf2, 0xfa, 0xff, 0xff, 0x49, 0xf7,
    0xd9, 0x66, 0x66, 0x66, 0x66, 0x66, 0x66, 0x2e, 0x0f, 0x1f, 0x84, 0x00, 0x00, 0x00, 0x00, 0x00,
    0xc4, 0x81, 0x7b, 0x10, 0x34, 0xce, 0xc4, 0x82, 0xc9, 0xb9, 0x2c, 0xcf, 0x49, 0xff, 0xc9, 0x48,
    0x89, 0xf8, 0x4c, 0x01, 0xc8, 0x75, 0xe9, 0xe9, 0xc4, 0xfa, 0xff, 0xff, 0x4c, 0x01, 0xf3, 0x49,
    0x89, 0xd9, 0x4c, 0x8b, 0x34, 0x24, 0xeb, 0xc6, 0x4c, 0x01, 0xd6, 0x49, 0x89, 0xf0, 0x49, 0x89,
    0xda, 0x4d, 0x89, 0xf3, 0x4c, 0x8b, 0x34, 0x24, 0xe9, 0x42, 0xf4, 0xff, 0xff, 0x31, 0xc0, 0xc5,
    0xf9, 0x2e, 0xcb, 0x0f, 0x97, 0xc0, 0xc5, 0xf8, 0x28, 0xb4, 0x24, 0x00, 0x01, 0x00, 0x00, 0xc5,
    0xf8, 0x28, 0xbc, 0x24, 0x10, 0x01, 0x00, 0x00, 0xc5, 0x78, 0x28, 0x84, 0x24, 0x20, 0x01, 0x00,
    0x00, 0xc5, 0x78, 0x28, 0x8c, 0x24, 0x30, 0x01, 0x00, 0x00, 0xc5, 0x78, 0x28, 0x94, 0x24, 0x40,
    0x01, 0x00, 0x00, 0xc5, 0x78, 0x28, 0x9c, 0x24, 0x50, 0x01, 0x00, 0x00, 0xc5, 0x78, 0x28, 0xa4,
    0x24, 0x60, 0x01, 0x00, 0x00, 0xc5, 0x78, 0x28, 0xac, 0x24, 0x70, 0x01, 0x00, 0x00, 0xc5, 0x78,
    0x28, 0xb4, 0x24, 0x80, 0x01, 0x00, 0x00, 0x48, 0x81, 0xc4, 0x98, 0x01, 0x00, 0x00, 0x5b, 0x5d,
    0x5f, 0x5e, 0x41, 0x5c, 0x41, 0x5d, 0x41, 0x5e, 0x41, 0x5f, 0xc5, 0xf8, 0x77, 0xc3, 0x66, 0x90,
    0x41, 0x57, 0x41, 0x56, 0x41, 0x55, 0x41, 0x54, 0x56, 0x57, 0x55, 0x53, 0x48, 0x81, 0xec, 0x88,
    0x01, 0x00, 0x00, 0xc5, 0x79, 0x29, 0xa4, 0x24, 0x70, 0x01, 0x00, 0x00, 0xc5, 0x79, 0x29, 0x9c,
    0x24, 0x60, 0x01, 0x00, 0x00, 0xc5, 0x79, 0x29, 0x94, 0x24, 0x50, 0x01, 0x00, 0x00, 0xc5, 0x79,
    0x29, 0x8c, 0x24, 0x40, 0x01, 0x00, 0x00, 0xc5, 0x79, 0x29, 0x84, 0x24, 0x30, 0x01, 0x00, 0x00,
    0xc5, 0xf9, 0x29, 0xbc, 0x24, 0x20, 0x01, 0x00, 0x00, 0xc5, 0xf9, 0x29, 0xb4, 0x24, 0x10, 0x01,
    0x00, 0x00, 0x4c, 0x89, 0x4c, 0x24, 0x70, 0x48, 0x8b, 0xbc, 0x24, 0xf0, 0x01, 0x00, 0x00, 0x48,
    0x85, 0xff, 0x0f, 0x84, 0x07, 0x0a, 0x00, 0x00, 0x48, 0x89, 0x54, 0x24, 0x38, 0xc5, 0xfb, 0x10,
    0x8c, 0x24, 0xf8, 0x01, 0x00, 0x00, 0x48, 0x89, 0xc8, 0x4c, 0x29, 0xc0, 0x48, 0x8d, 0x57, 0xff,
    0x48, 0x89, 0x54, 0x24, 0x18, 0x48, 0x83, 0xff, 0x04, 0x0f, 0x92, 0xc2, 0x48, 0x3d, 0x80, 0x00,
    0x00, 0x00, 0x0f, 0x92, 0xc0, 0x08, 0xd0, 0x49, 0x89, 0xfb, 0x49, 0x83, 0xe3, 0xf0, 0x48, 0x89,
    0xfa, 0x48, 0x83, 0xe2, 0xfc, 0x41, 0x89, 0xf9, 0x41, 0x83, 0xe1, 0x03, 0x4c, 0x89, 0x5c, 0x24,
    0x08, 0x49, 0xf7, 0xdb, 0x4d, 0x8d, 0x70, 0xe8, 0x48, 0x8d, 0x34, 0xfd, 0x00, 0x00, 0x00, 0x00,
    0x48, 0x89, 0x74, 0x24, 0x28, 0x48, 0xf7, 0xde, 0x4c, 0x8d, 0x79, 0xe8, 0x4c, 0x89, 0xc3, 0x49,
    0x89, 0xd4, 0x49, 0xf7, 0xdc, 0x4d, 0x89, 0xcd, 0x49, 0xf7, 0xdd, 0x49, 0x89, 0xf8, 0x49, 0xf7,
    0xd8, 0x4c, 0x89, 0x04, 0x24, 0x31, 0xed, 0xc5, 0xfa, 0x7e, 0x05, 0xd1, 0x2c, 0x00, 0x00, 0xc5,
    0xf9, 0x28, 0x15, 0xd9, 0x2c, 0x00, 0x00, 0x48, 0x89, 0x5c, 0x24, 0x20, 0x48, 0x89, 0x74, 0x24,
    0x10, 0xeb, 0x25, 0x66, 0x66, 0x66, 0x66, 0x2e, 0x0f, 0x1f, 0x84, 0x00, 0x00, 0x00, 0x00, 0x00,
    0x48, 0xff, 0xc5, 0x49, 0x01, 0xf6, 0x49, 0x01, 0xf7, 0x48, 0x01, 0xf3, 0x48, 0x01, 0xf1, 0x48,
    0x39, 0xfd, 0x0f, 0x84, 0x7c, 0x01, 0x00, 0x00, 0xc4, 0xe1, 0xf9, 0x6e, 0xdd, 0xc5, 0xe1, 0x62,
    0xd8, 0xc5, 0xe1, 0x5c, 0xda, 0xc5, 0xe1, 0xc6, 0xe3, 0x01, 0xc5, 0xdb, 0x58, 0xdb, 0x4c, 0x8d,
    0x04, 0xed, 0x00, 0x00, 0x00, 0x00, 0x4c, 0x8b, 0x54, 0x24, 0x70, 0x4d, 0x29, 0xc2, 0xc4, 0xc1,
    0x7b, 0x11, 0x1a, 0x84, 0xc0, 0x74, 0x09, 0x45, 0x31, 0xc0, 0xe9, 0xa2, 0x00, 0x00, 0x00, 0x90,
    0x48, 0x83, 0xff, 0x10, 0x73, 0x0a, 0x45, 0x31, 0xd2, 0xeb, 0x6d, 0x0f, 0x1f, 0x44, 0x00, 0x00,
    0x45, 0x31, 0xc0, 0x66, 0x66, 0x66, 0x66, 0x2e, 0x0f, 0x1f, 0x84, 0x00, 0x00, 0x00, 0x00, 0x00,
    0xc4, 0x81, 0x7d, 0x10, 0x5c, 0xc7, 0xa0, 0xc4, 0x81, 0x7d, 0x10, 0x64, 0xc7, 0xc0, 0xc4, 0x81,
    0x7c, 0x10, 0x6c, 0xc7, 0xe0, 0xc4, 0x81, 0x7d, 0x10, 0x34, 0xc7, 0xc4, 0x81, 0x7d, 0x11, 0x34,
    0xc6, 0xc4, 0x81, 0x7c, 0x11, 0x6c, 0xc6, 0xe0, 0xc4, 0x81, 0x7d, 0x11, 0x64, 0xc6, 0xc0, 0xc4,
    0x81, 0x7d, 0x11, 0x5c, 0xc6, 0xa0, 0x49, 0x83, 0xc0, 0xf0, 0x4d, 0x39, 0xc3, 0x75, 0xc1, 0x48,
    0x3b, 0x7c, 0x24, 0x08, 0x0f, 0x84, 0x46, 0xff, 0xff, 0xff, 0x4c, 0x8b, 0x44, 0x24, 0x08, 0x4d,
    0x89, 0xc2, 0x40, 0xf6, 0xc7, 0x0c, 0x74, 0x29, 0x49, 0xf7, 0xda, 0x0f, 0x1f, 0x44, 0x00, 0x00,
    0xc4, 0x81, 0x7d, 0x10, 0x1c, 0xd7, 0xc4, 0x81, 0x7d, 0x11, 0x1c, 0xd6, 0x49, 0x83, 0xc2, 0xfc,
    0x4d, 0x39, 0xd4, 0x75, 0xeb, 0x49, 0x89, 0xd0, 0x48, 0x39, 0xd7, 0x0f, 0x84, 0x0f, 0xff, 0xff,
    0xff, 0x4d, 0x89, 0xc2, 0x4d, 0x85, 0xc9, 0x74, 0x38, 0x4a, 0x8d, 0x3c, 0xc5, 0x00, 0x00, 0x00,
    0x00, 0x49, 0x89, 0xda, 0x49, 0x29, 0xfa, 0x48, 0x89, 0xce, 0x48, 0x29, 0xfe, 0x31, 0xff, 0x90,
    0xc5, 0xfb, 0x10, 0x1c, 0xfe, 0xc4, 0xc1, 0x7b, 0x11, 0x1c, 0xfa, 0x48, 0xff, 0xcf, 0x49, 0x39,
    0xfd, 0x75, 0xed, 0x4d, 0x89, 0xc2, 0x49, 0x29, 0xfa, 0x48, 0x8b, 0xbc, 0x24, 0xf0, 0x01, 0x00,
    0x00, 0x48, 0x8b, 0x74, 0x24, 0x18, 0x4c, 0x29, 0xc6, 0x48, 0x83, 0xfe, 0x03, 0x48, 0x8b, 0x74,
    0x24, 0x10, 0x4c, 0x8b, 0x04, 0x24, 0x0f, 0x82, 0xb4, 0xfe, 0xff, 0xff, 0x49, 0xf7, 0xda, 0x90,
    0xc4, 0xa1, 0x7b, 0x10, 0x1c, 0xd1, 0xc4, 0xa1, 0x7b, 0x11, 0x1c, 0xd3, 0xc4, 0xa1, 0x7b, 0x10,
    0x5c, 0xd1, 0xf8, 0xc4, 0xa1, 0x7b, 0x11, 0x5c, 0xd3, 0xf8, 0xc4, 0xa1, 0x7b, 0x10, 0x5c, 0xd1,
    0xf0, 0xc4, 0xa1, 0x7b, 0x11, 0x5c, 0xd3, 0xf0, 0xc4, 0xa1, 0x7b, 0x10, 0x5c, 0xd1, 0xe8, 0xc4,
    0xa1, 0x7b, 0x11, 0x5c, 0xd3, 0xe8, 0x49, 0x83, 0xc2, 0xfc, 0x4d, 0x39, 0xd0, 0x75, 0xc1, 0xe9,
    0x6c, 0xfe, 0xff, 0xff, 0x48, 0x89, 0xf9, 0x48, 0xc1, 0xe1, 0x04, 0xb8, 0x08, 0x00, 0x00, 0x00,
    0x48, 0x8b, 0x54, 0x24, 0x28, 0x48, 0x29, 0xd0, 0x4c, 0x8b, 0x64, 0x24, 0x20, 0x4d, 0x8d, 0x44,
    0x24, 0x08, 0x4c, 0x89, 0x84, 0x24, 0xc0, 0x00, 0x00, 0x00, 0x48, 0x89, 0x84, 0x24, 0xc8, 0x00,
    0x00, 0x00, 0x4c, 0x01, 0xe0, 0x48, 0x89, 0x84, 0x24, 0xb8, 0x00, 0x00, 0x00, 0x48, 0x89, 0xf8,
    0x48, 0x0f, 0xaf, 0x44, 0x24, 0x18, 0x48, 0xc1, 0xe0, 0x03, 0x48, 0xf7, 0xd8, 0x4c, 0x01, 0xe0,
    0x48, 0x83, 0xc0, 0x08, 0x48, 0x89, 0x84, 0x24, 0xb0, 0x00, 0x00, 0x00, 0x48, 0x8d, 0x47, 0xfe,
    0x48, 0x89, 0x84, 0x24, 0xd8, 0x00, 0x00, 0x00, 0x48, 0x89, 0xf8, 0x48, 0x83, 0xe0, 0xf8, 0x48,
    0x89, 0x8c, 0x24, 0xd0, 0x00, 0x00, 0x00, 0x49, 0x89, 0xce, 0x49, 0xf7, 0xde, 0x48, 0x89, 0x84,
    0x24, 0xa0, 0x00, 0x00, 0x00, 0x48, 0xf7, 0xd8, 0x48, 0x89, 0x84, 0x24, 0xa8, 0x00, 0x00, 0x00,
    0x4d, 0x8d, 0x7c, 0x24, 0xe8, 0x48, 0x89, 0xd1, 0x48, 0x83, 0xf1, 0xf8, 0x48, 0x89, 0x4c, 0x24,
    0x40, 0x48, 0xc7, 0xc5, 0xe0, 0xff, 0xff, 0xff, 0x48, 0xc7, 0xc1, 0xe0, 0xff, 0xff, 0xff, 0x48,
    0x29, 0xd1, 0x48, 0x89, 0x4c, 0x24, 0x60, 0x49, 0x8d, 0x4c, 0x24, 0x88, 0x48, 0x89, 0x4c, 0x24,
    0x68, 0x4c, 0x89, 0xe1, 0x48, 0x29, 0xd1, 0xc5, 0xfb, 0x10, 0x15, 0x41, 0x2a, 0x00, 0x00, 0xc5,
    0xfb, 0x12, 0x1d, 0x41, 0x2a, 0x00, 0x00, 0xc5, 0xfb, 0x12, 0x25, 0x39, 0x2a, 0x00, 0x00, 0xc5,
    0xfb, 0x12, 0x2d, 0x69, 0x2a, 0x00, 0x00, 0xc5, 0xf9, 0x28, 0xc2, 0x48, 0x8d, 0x51, 0xc8, 0x48,
    0x89, 0x54, 0x24, 0x50, 0x48, 0x89, 0x4c, 0x24, 0x58, 0x48, 0x83, 0xc1, 0xe8, 0x48, 0x89, 0x4c,
    0x24, 0x48, 0xb9, 0x04, 0x00, 0x00, 0x00, 0x48, 0x89, 0x8c, 0x24, 0x90, 0x00, 0x00, 0x00, 0x4d,
    0x89, 0xe0, 0x4c, 0x89, 0x7c, 0x24, 0x30, 0x4d, 0x89, 0xe5, 0x31, 0xdb, 0x4c, 0x89, 0xb4, 0x24,
    0xe0, 0x00, 0x00, 0x00, 0xeb, 0x5b, 0x66, 0x2e, 0x0f, 0x1f, 0x84, 0x00, 0x00, 0x00, 0x00, 0x00,
    0x4c, 0x8b, 0xac, 0x24, 0xe8, 0x00, 0x00, 0x00, 0x49, 0x83, 0xc5, 0xf8, 0x4c, 0x8b, 0x7c, 0x24,
    0x78, 0x49, 0x01, 0xf7, 0x49, 0x01, 0xf0, 0x48, 0x8b, 0x44, 0x24, 0x40, 0x48, 0x01, 0xc5, 0x48,
    0x01, 0x44, 0x24, 0x60, 0x48, 0xff, 0x84, 0x24, 0x90, 0x00, 0x00, 0x00, 0x48, 0x01, 0x74, 0x24,
    0x68, 0x48, 0x01, 0x74, 0x24, 0x50, 0x48, 0x01, 0x74, 0x24, 0x48, 0x48, 0x01, 0x74, 0x24, 0x58,
    0x48, 0x39, 0xfb, 0x4c, 0x8b, 0xb4, 0x24, 0xe0, 0x00, 0x00, 0x00, 0x0f, 0x84, 0xc1, 0x06, 0x00,
    0x00, 0x48, 0x89, 0xd8, 0x48, 0x0f, 0xaf, 0xc7, 0x48, 0x89, 0x84, 0x24, 0x80, 0x00, 0x00, 0x00,
    0x48, 0x01, 0xd8, 0x48, 0x8d, 0x0c, 0xc5, 0x00, 0x00, 0x00, 0x00, 0x4c, 0x89, 0xe2, 0x48, 0x29,
    0xca, 0xc5, 0xfb, 0x10, 0x32, 0xc5, 0xc9, 0x54, 0xfb, 0x4c, 0x8d, 0x5b, 0x01, 0x49, 0x39, 0xfb,
    0x48, 0x89, 0x5c, 0x24, 0x08, 0x0f, 0x83, 0xc5, 0x00, 0x00, 0x00, 0x48, 0x8b, 0x4c, 0x24, 0x18,
    0x41, 0x89, 0xca, 0x44, 0x2b, 0x54, 0x24, 0x08, 0x4c, 0x89, 0xd9, 0x4c, 0x8b, 0x4c, 0x24, 0x08,
    0x41, 0xf6, 0xc2, 0x01, 0x4c, 0x8b, 0x54, 0x24, 0x08, 0x74, 0x2d, 0x4c, 0x89, 0xd1, 0x48, 0xf7,
    0xd1, 0x48, 0x0f, 0xaf, 0xcf, 0x4c, 0x29, 0xd1, 0xc4, 0x41, 0x7b, 0x10, 0x04, 0xcc, 0xc5, 0x39,
    0x54, 0xc3, 0xc5, 0x79, 0x2e, 0xc7, 0x4c, 0x89, 0xd2, 0x49, 0x0f, 0x47, 0xd3, 0xc5, 0xbb, 0x5f,
    0xff, 0x49, 0x8d, 0x4a, 0x02, 0x49, 0x89, 0xd1, 0x4c, 0x39, 0x94, 0x24, 0xd8, 0x00, 0x00, 0x00,
    0x74, 0x71, 0x49, 0x89, 0xca, 0x49, 0xf7, 0xd2, 0x4c, 0x0f, 0xaf, 0x54, 0x24, 0x28, 0x49, 0x89,
    0xf3, 0x4c, 0x0f, 0xaf, 0xd9, 0x4c, 0x89, 0xeb, 0x0f, 0x1f, 0x84, 0x00, 0x00, 0x00, 0x00, 0x00,
    0xc4, 0x21, 0x7b, 0x10, 0x04, 0x1b, 0xc5, 0x39, 0x54, 0xc4, 0xc5, 0x79, 0x2e, 0xc7, 0x4c, 0x0f,
    0x47, 0xc9, 0xc5, 0xbb, 0x5f, 0xff, 0xc4, 0x21, 0x7b, 0x10, 0x04, 0x13, 0xc5, 0x39, 0x54, 0xc4,
    0x48, 0x8d, 0x51, 0x01, 0xc5, 0x79, 0x2e, 0xc7, 0x49, 0x0f, 0x46, 0xd1, 0xc5, 0xbb, 0x5f, 0xff,
    0x4c, 0x01, 0xf3, 0x48, 0x83, 0xc1, 0x02, 0x49, 0x89, 0xd1, 0x48, 0x39, 0xf9, 0x75, 0xc1, 0xeb,
    0x12, 0x66, 0x66, 0x66, 0x66, 0x66, 0x66, 0x2e, 0x0f, 0x1f, 0x84, 0x00, 0x00, 0x00, 0x00, 0x00,
    0x48, 0x89, 0xda, 0xc5, 0xf9, 0x2e, 0xf9, 0x0f, 0x86, 0x5d, 0x05, 0x00, 0x00, 0x4c, 0x8b, 0x54,
    0x24, 0x08, 0x4c, 0x39, 0xd2, 0x49, 0x8d, 0x5a, 0x01, 0x4c, 0x89, 0x7c, 0x24, 0x78, 0x4c, 0x89,
    0xac, 0x24, 0xe8, 0x00, 0x00, 0x00, 0x0f, 0x84, 0xd1, 0x01, 0x00, 0x00, 0x48, 0x83, 0xff, 0x08,
    0x72, 0x53, 0x48, 0x85, 0xf6, 0x41, 0x0f, 0x98, 0xc1, 0x48, 0x89, 0xd1, 0x48, 0xf7, 0xd1, 0x48,
    0x0f, 0xaf, 0xcf, 0x4c, 0x8b, 0x9c, 0x24, 0xc0, 0x00, 0x00, 0x00, 0x4d, 0x8d, 0x14, 0xcb, 0x48,
    0x89, 0xf1, 0x48, 0x0f, 0xaf, 0xca, 0x49, 0x01, 0xcb, 0x4c, 0x3b, 0x94, 0x24, 0xb0, 0x00, 0x00,
    0x00, 0x41, 0x0f, 0x92, 0xc2, 0x4c, 0x39, 0x9c, 0x24, 0xb8, 0x00, 0x00, 0x00, 0x41, 0x0f, 0x92,
    0xc3, 0x45, 0x20, 0xd3, 0x45, 0x08, 0xcb, 0x4c, 0x8b, 0x94, 0x24, 0xa8, 0x00, 0x00, 0x00, 0x0f,
    0x84, 0xba, 0x00, 0x00, 0x00, 0x31, 0xc9, 0x4c, 0x8b, 0x1c, 0x24, 0x49, 0x89, 0xc9, 0x49, 0x83,
    0xc9, 0x01, 0x40, 0xf6, 0xc7, 0x01, 0x74, 0x49, 0x49, 0x89, 0xd2, 0x4c, 0x0f, 0xaf, 0xd7, 0x49,
    0x01, 0xca, 0x49, 0xc1, 0xe2, 0x03, 0x4d, 0x89, 0xe3, 0x4d, 0x29, 0xd3, 0x49, 0xf7, 0xda, 0xc4,
    0xc1, 0x7b, 0x10, 0x33, 0x48, 0x03, 0x8c, 0x24, 0x80, 0x00, 0x00, 0x00, 0x48, 0xc1, 0xe1, 0x03,
    0x4d, 0x89, 0xe3, 0x49, 0x29, 0xcb, 0x48, 0xf7, 0xd9, 0xc4, 0xc1, 0x7b, 0x10, 0x3b, 0x4c, 0x8b,
    0x1c, 0x24, 0xc4, 0x81, 0x7b, 0x11, 0x3c, 0x14, 0xc4, 0xc1, 0x7b, 0x11, 0x34, 0x0c, 0x4c, 0x89,
    0xc9, 0x4c, 0x39, 0xcf, 0x0f, 0x84, 0xc6, 0x00, 0x00, 0x00, 0x48, 0xf7, 0xd9, 0x49, 0x89, 0xf1,
    0x4c, 0x0f, 0xaf, 0xca, 0x4d, 0x01, 0xe1, 0x66, 0x0f, 0x1f, 0x84, 0x00, 0x00, 0x00, 0x00, 0x00,
    0xc4, 0xc1, 0x7b, 0x10, 0x34, 0xc9, 0xc4, 0xc1, 0x7b, 0x10, 0x3c, 0xc8, 0xc4, 0xc1, 0x7b, 0x11,
    0x3c, 0xc9, 0xc4, 0xc1, 0x7b, 0x11, 0x34, 0xc8, 0xc4, 0xc1, 0x7b, 0x10, 0x74, 0xc9, 0xf8, 0xc4,
    0xc1, 0x7b, 0x10, 0x7c, 0xc8, 0xf8, 0xc4, 0xc1, 0x7b, 0x11, 0x7c, 0xc9, 0xf8, 0xc4, 0xc1, 0x7b,
    0x11, 0x74, 0xc8, 0xf8, 0x48, 0x83, 0xc1, 0xfe, 0x49, 0x39, 0xcb, 0x75, 0xc3, 0xeb, 0x71, 0x48,
    0x03, 0x4c, 0x24, 0x30, 0x45, 0x31, 0xc9, 0x4c, 0x8b, 0x1c, 0x24, 0x0f, 0x1f, 0x44, 0x00, 0x00,
    0xc4, 0xa1, 0x7d, 0x10, 0x74, 0xc9, 0xe0, 0xc4, 0xa1, 0x7d, 0x10, 0x3c, 0xc9, 0xc4, 0x01, 0x7d,
    0x10, 0x44, 0xcf, 0xe0, 0xc4, 0x01, 0x7d, 0x10, 0x0c, 0xcf, 0xc4, 0x21, 0x7d, 0x11, 0x0c, 0xc9,
    0xc4, 0x21, 0x7d, 0x11, 0x44, 0xc9, 0xe0, 0xc4, 0x81, 0x7d, 0x11, 0x3c, 0xcf, 0xc4, 0x81, 0x7d,
    0x11, 0x74, 0xcf, 0xe0, 0x49, 0x83, 0xc1, 0xf8, 0x4d, 0x39, 0xca, 0x75, 0xc3, 0x4c, 0x8b, 0x8c,
    0x24, 0xa0, 0x00, 0x00, 0x00, 0x4c, 0x89, 0xc9, 0x4c, 0x39, 0xcf, 0x0f, 0x85, 0xea, 0xfe, 0xff,
    0xff, 0x66, 0x66, 0x66, 0x66, 0x66, 0x66, 0x2e, 0x0f, 0x1f, 0x84, 0x00, 0x00, 0x00, 0x00, 0x00,
    0x48, 0xf7, 0xd8, 0x48, 0xc1, 0xe2, 0x03, 0x4c, 0x8b, 0x54, 0x24, 0x70, 0x4c, 0x89, 0xd1, 0x48,
    0x29, 0xd1, 0x48, 0xf7, 0xda, 0xc5, 0xfb, 0x10, 0x31, 0x4c, 0x8b, 0x5c, 0x24, 0x08, 0x4a, 0x8d,
    0x0c, 0xdd, 0x00, 0x00, 0x00, 0x00, 0x4d, 0x89, 0xd1, 0x49, 0x29, 0xc9, 0x48, 0xf7, 0xd9, 0xc4,
    0xc1, 0x7b, 0x10, 0x39, 0xc4, 0xc1, 0x7b, 0x11, 0x3c, 0x12, 0xc4, 0xc1, 0x7b, 0x11, 0x34, 0x0a,
    0x4d, 0x89, 0xda, 0xc5, 0xf9, 0x57, 0xc5, 0xc4, 0xc1, 0x7b, 0x10, 0x34, 0xc4, 0x48, 0x39, 0xfb,
    0x0f, 0x83, 0xaa, 0xfc, 0xff, 0xff, 0x48, 0x89, 0xf0, 0x49, 0x0f, 0xaf, 0xc2, 0x48, 0x8b, 0x8c,
    0x24, 0xc8, 0x00, 0x00, 0x00, 0x48, 0x01, 0xc1, 0x49, 0x8d, 0x14, 0x04, 0x48, 0x83, 0xc2, 0x08,
    0x48, 0x89, 0x94, 0x24, 0x00, 0x01, 0x00, 0x00, 0x48, 0x2b, 0x84, 0x24, 0xd0, 0x00, 0x00, 0x00,
    0x4c, 0x01, 0xe1, 0x48, 0x89, 0x8c, 0x24, 0xf0, 0x00, 0x00, 0x00, 0x49, 0x8d, 0x4a, 0x04, 0x48,
    0x89, 0x8c, 0x24, 0x08, 0x01, 0x00, 0x00, 0x4c, 0x01, 0xe0, 0x48, 0x83, 0xc0, 0x08, 0x48, 0x89,
    0x84, 0x24, 0xf8, 0x00, 0x00, 0x00, 0xc5, 0xeb, 0x5e, 0xf6, 0x4c, 0x8b, 0x6c, 0x24, 0x58, 0x48,
    0x8b, 0x44, 0x24, 0x48, 0x48, 0x8b, 0x4c, 0x24, 0x50, 0x48, 0x89, 0x8c, 0x24, 0x98, 0x00, 0x00,
    0x00, 0x4c, 0x8b, 0x7c, 0x24, 0x60, 0x45, 0x31, 0xf6, 0x48, 0x89, 0xda, 0xeb, 0x2d, 0x66, 0x90,
    0x48, 0xff, 0xc2, 0x49, 0xff, 0xc6, 0x4c, 0x2b, 0x7c, 0x24, 0x28, 0x48, 0x01, 0xb4, 0x24, 0x98,
    0x00, 0x00, 0x00, 0x48, 0x01, 0xf0, 0x49, 0x01, 0xf5, 0x48, 0x39, 0xfa, 0x4c, 0x8b, 0x54, 0x24,
    0x08, 0x49, 0x8d, 0x5a, 0x01, 0x0f, 0x84, 0x05, 0xfc, 0xff, 0xff, 0x49, 0x89, 0xd1, 0x4c, 0x0f,
    0xaf, 0xcf, 0x4b, 0x8d, 0x0c, 0x0a, 0x48, 0xc1, 0xe1, 0x03, 0x4d, 0x89, 0xe2, 0x49, 0x29, 0xca,
    0xc4, 0xc1, 0x4b, 0x59, 0x3a, 0xc4, 0xc1, 0x7b, 0x11, 0x3a, 0xc4, 0x62, 0x7d, 0x19, 0xc7, 0x48,
    0x89, 0xd9, 0x4c, 0x8b, 0x94, 0x24, 0x90, 0x00, 0x00, 0x00, 0x4d, 0x89, 0xe3, 0x48, 0x39, 0xbc,
    0x24, 0x08, 0x01, 0x00, 0x00, 0x73, 0x2f, 0x66, 0x0f, 0x1f, 0x84, 0x00, 0x00, 0x00, 0x00, 0x00,
    0xc4, 0x41, 0x7d, 0x10, 0x0c, 0x2b, 0xc4, 0x02, 0xbd, 0xac, 0x0c, 0x3b, 0xc4, 0x01, 0x7d, 0x11,
    0x0c, 0x3b, 0x49, 0x83, 0xc3, 0xe0, 0x49, 0x83, 0xc2, 0x04, 0x49, 0x39, 0xfa, 0x72, 0xe1, 0x49,
    0x83, 0xc2, 0xfd, 0x4c, 0x89, 0xd1, 0x49, 0x89, 0xfa, 0x49, 0x29, 0xca, 0x0f, 0x86, 0x5e, 0xff,
    0xff, 0xff, 0x49, 0x83, 0xfa, 0x04, 0x0f, 0x82, 0x84, 0x01, 0x00, 0x00, 0x49, 0x89, 0xf3, 0x4d,
    0x0f, 0xaf, 0xde, 0x48, 0x8b, 0xb4, 0x24, 0xf8, 0x00, 0x00, 0x00, 0x4c, 0x01, 0xde, 0x48, 0x8d,
    0x1c, 0xcd, 0x00, 0x00, 0x00, 0x00, 0x48, 0x8b, 0xbc, 0x24, 0x00, 0x01, 0x00, 0x00, 0x48, 0x29,
    0xdf, 0x48, 0x39, 0xfe, 0x73, 0x25, 0x48, 0x8b, 0xb4, 0x24, 0xf0, 0x00, 0x00, 0x00, 0x49, 0x01,
    0xf3, 0x49, 0x29, 0xdb, 0x4c, 0x39, 0xde, 0x73, 0x12, 0x48, 0x8b, 0xbc, 0x24, 0xf0, 0x01, 0x00,
    0x00, 0x48, 0x8b, 0x74, 0x24, 0x10, 0xe9, 0x35, 0x01, 0x00, 0x00, 0x48, 0x89, 0x9c, 0x24, 0x88,
    0x00, 0x00, 0x00, 0x49, 0x83, 0xfa, 0x10, 0x73, 0x07, 0x31, 0xdb, 0xe9, 0xaf, 0x00, 0x00, 0x00,
    0x4c, 0x89, 0xd3, 0x48, 0x83, 0xe3, 0xf0, 0x48, 0x89, 0xde, 0x48, 0xf7, 0xde, 0x48, 0x8b, 0x7c,
    0x24, 0x68, 0x4c, 0x8d, 0x24, 0xcd, 0x00, 0x00, 0x00, 0x00, 0x4c, 0x29, 0xe7, 0x4c, 0x8b, 0x9c,
    0x24, 0x98, 0x00, 0x00, 0x00, 0x4d, 0x29, 0xe3, 0x45, 0x31, 0xe4, 0x0f, 0x1f, 0x44, 0x00, 0x00,
    0xc4, 0x21, 0x7d, 0x10, 0x0c, 0xe7, 0xc4, 0x21, 0x7d, 0x10, 0x54, 0xe7, 0x20, 0xc4, 0x21, 0x7d,
    0x10, 0x5c, 0xe7, 0x40, 0xc4, 0x21, 0x7d, 0x10, 0x64, 0xe7, 0x60, 0xc4, 0x02, 0xbd, 0xac, 0x64,
    0xe3, 0x20, 0xc4, 0x02, 0xbd, 0xac, 0x1c, 0xe3, 0xc4, 0x02, 0xbd, 0xac, 0x54, 0xe3, 0xe0, 0xc4,
    0x02, 0xbd, 0xac, 0x4c, 0xe3, 0xc0, 0xc4, 0x01, 0x7d, 0x11, 0x64, 0xe3, 0x20, 0xc4, 0x01, 0x7d,
    0x11, 0x1c, 0xe3, 0xc4, 0x01, 0x7d, 0x11, 0x54, 0xe3, 0xe0, 0xc4, 0x01, 0x7d, 0x11, 0x4c, 0xe3,
    0xc0, 0x49, 0x83, 0xc4, 0xf0, 0x4c, 0x39, 0xe6, 0x75, 0xa6, 0x49, 0x39, 0xda, 0x4c, 0x8b, 0x64,
    0x24, 0x20, 0x48, 0x8b, 0xbc, 0x24, 0xf0, 0x01, 0x00, 0x00, 0x48, 0x8b, 0x74, 0x24, 0x10, 0x0f,
    0x84, 0x4b, 0xfe, 0xff, 0xff, 0x41, 0xf6, 0xc2, 0x0c, 0x0f, 0x84, 0x08, 0x01, 0x00, 0x00, 0x4d,
    0x89, 0xd3, 0x49, 0x83, 0xe3, 0xfc, 0x4c, 0x01, 0xd9, 0x4c, 0x89, 0xde, 0x48, 0xf7, 0xde, 0x48,
    0xf7, 0xdb, 0x48, 0x89, 0xc7, 0x48, 0x2b, 0xbc, 0x24, 0x88, 0x00, 0x00, 0x00, 0x4c, 0x8b, 0x64,
    0x24, 0x78, 0x4c, 0x2b, 0xa4, 0x24, 0x88, 0x00, 0x00, 0x00, 0x66, 0x0f, 0x1f, 0x44, 0x00, 0x00,
    0xc4, 0x41, 0x7d, 0x10, 0x0c, 0xdc, 0xc4, 0x62, 0xbd, 0xac, 0x0c, 0xdf, 0xc5, 0x7d, 0x11, 0x0c,
    0xdf, 0x48, 0x83, 0xc3, 0xfc, 0x48, 0x39, 0xde, 0x75, 0xe6, 0x4d, 0x39, 0xda, 0x4c, 0x8b, 0x64,
    0x24, 0x20, 0x48, 0x8b, 0xbc, 0x24, 0xf0, 0x01, 0x00, 0x00, 0x48, 0x8b, 0x74, 0x24, 0x10, 0x0f,
    0x84, 0xdb, 0xfd, 0xff, 0xff, 0x66, 0x66, 0x2e, 0x0f, 0x1f, 0x84, 0x00, 0x00, 0x00, 0x00, 0x00,
    0x41, 0x89, 0xfb, 0x41, 0x29, 0xcb, 0x4c, 0x8d, 0x51, 0x01, 0x41, 0xf6, 0xc3, 0x01, 0x74, 0x36,
    0x4c, 0x8b, 0x9c, 0x24, 0x80, 0x00, 0x00, 0x00, 0x49, 0x01, 0xcb, 0x49, 0xc1, 0xe3, 0x03, 0x49,
    0xf7, 0xdb, 0xc4, 0x01, 0x7b, 0x10, 0x04, 0x1c, 0x49, 0x01, 0xc9, 0x49, 0xc1, 0xe1, 0x03, 0x4c,
    0x89, 0xe1, 0x4c, 0x29, 0xc9, 0x49, 0xf7, 0xd9, 0xc4, 0x62, 0xc1, 0xad, 0x01, 0xc4, 0x01, 0x7b,
    0x11, 0x04, 0x0c, 0x4c, 0x89, 0xd1, 0x4c, 0x39, 0xd7, 0x4c, 0x8b, 0x0c, 0x24, 0x0f, 0x84, 0x7d,
    0xfd, 0xff, 0xff, 0x48, 0xf7, 0xd9, 0x66, 0x2e, 0x0f, 0x1f, 0x84, 0x00, 0x00, 0x00, 0x00, 0x00,
    0xc4, 0x41, 0x7b, 0x10, 0x04, 0xc8, 0xc4, 0x42, 0xc1, 0xad, 0x44, 0xcd, 0x00, 0xc4, 0x41, 0x7b,
    0x11, 0x44, 0xcd, 0x00, 0xc4, 0x41, 0x7b, 0x10, 0x44, 0xc8, 0xf8, 0xc4, 0x42, 0xc1, 0xad, 0x44,
    0xcd, 0xf8, 0xc4, 0x41, 0x7b, 0x11, 0x44, 0xcd, 0xf8, 0x48, 0x83, 0xc1, 0xfe, 0x49, 0x39, 0xc9,
    0x75, 0xce, 0xe9, 0x39, 0xfd, 0xff, 0xff, 0x48, 0x01, 0xd9, 0xe9, 0x61, 0xff, 0xff, 0xff, 0xc5,
    0xfb, 0x10, 0x05, 0x39, 0x23, 0x00, 0x00, 0x48, 0x8b, 0x84, 0x24, 0x00, 0x02, 0x00, 0x00, 0xc5,
    0xfb, 0x11, 0x00, 0xb8, 0x01, 0x00, 0x00, 0x00, 0xeb, 0x02, 0x31, 0xc0, 0xc5, 0xf8, 0x28, 0xb4,
    0x24, 0x10, 0x01, 0x00, 0x00, 0xc5, 0xf8, 0x28, 0xbc, 0x24, 0x20, 0x01, 0x00, 0x00, 0xc5, 0x78,
    0x28, 0x84, 0x24, 0x30, 0x01, 0x00, 0x00, 0xc5, 0x78, 0x28, 0x8c, 0x24, 0x40, 0x01, 0x00, 0x00,
    0xc5, 0x78, 0x28, 0x94, 0x24, 0x50, 0x01, 0x00, 0x00, 0xc5, 0x78, 0x28, 0x9c, 0x24, 0x60, 0x01,
    0x00, 0x00, 0xc5, 0x78, 0x28, 0xa4, 0x24, 0x70, 0x01, 0x00, 0x00, 0x48, 0x81, 0xc4, 0x88, 0x01,
    0x00, 0x00, 0x5b, 0x5d, 0x5f, 0x5e, 0x41, 0x5c, 0x41, 0x5d, 0x41, 0x5e, 0x41, 0x5f, 0xc5, 0xf8,
    0x77, 0xc3, 0x4c, 0x8b, 0x6c, 0x24, 0x38, 0x49, 0x8d, 0x45, 0xe8, 0x49, 0x8d, 0x4d, 0xc0, 0x49,
    0x8d, 0x55, 0xe0, 0x31, 0xdb, 0xc5, 0xf1, 0x57, 0xc9, 0x4d, 0x89, 0xe1, 0x4d, 0x89, 0xeb, 0x4c,
    0x8b, 0x44, 0x24, 0x30, 0xeb, 0x2c, 0x66, 0x2e, 0x0f, 0x1f, 0x84, 0x00, 0x00, 0x00, 0x00, 0x00,
    0x48, 0x01, 0xf0, 0x49, 0x01, 0xf0, 0x49, 0x01, 0xf3, 0x49, 0x01, 0xf1, 0x48, 0xff, 0x4c, 0x24,
    0x18, 0x48, 0x83, 0xc1, 0xf8, 0x48, 0x83, 0xc2, 0xf8, 0x48, 0x39, 0xfb, 0x0f, 0x84, 0x45, 0xff,
    0xff, 0xff, 0x49, 0x89, 0xdc, 0x48, 0x85, 0xdb, 0x74, 0x16, 0x4d, 0x89, 0xe7, 0x4c, 0x0f, 0xaf,
    0xff, 0x49, 0x83, 0xfc, 0x04, 0x73, 0x19, 0x31, 0xdb, 0xe9, 0x32, 0x01, 0x00, 0x00, 0x66, 0x90,
    0x45, 0x31, 0xff, 0xe9, 0xaf, 0x01, 0x00, 0x00, 0x0f, 0x1f, 0x84, 0x00, 0x00, 0x00, 0x00, 0x00,
    0x4c, 0x8b, 0x54, 0x24, 0x40, 0x4d, 0x0f, 0xaf, 0xd4, 0x4b, 0x8d, 0x3c, 0x2a, 0x48, 0x83, 0xc7,
    0x08, 0x49, 0x0f, 0xaf, 0xf4, 0x4c, 0x8b, 0x74, 0x24, 0x20, 0x49, 0x8d, 0x1c, 0x36, 0x48, 0x83,
    0xc3, 0x08, 0x48, 0x39, 0xdf, 0x73, 0x22, 0x4c, 0x01, 0xee, 0x48, 0x83, 0xc6, 0x08, 0x4d, 0x01,
    0xf2, 0x49, 0x83, 0xc2, 0x08, 0x49, 0x39, 0xf2, 0x73, 0x0f, 0x31, 0xdb, 0x48, 0x8b, 0xbc, 0x24,
    0xf0, 0x01, 0x00, 0x00, 0xe9, 0xd7, 0x00, 0x00, 0x00, 0x49, 0x83, 0xfc, 0x10, 0x48, 0x8b, 0xbc,
    0x24, 0xf0, 0x01, 0x00, 0x00, 0x73, 0x04, 0x31, 0xdb, 0xeb, 0x7a, 0x4c, 0x89, 0xe3, 0x48, 0x83,
    0xe3, 0xf0, 0x49, 0x89, 0xda, 0x49, 0xf7, 0xda, 0x31, 0xf6, 0x66, 0x0f, 0x1f, 0x44, 0x00, 0x00,
    0xc4, 0xc1, 0x7d, 0x10, 0x54, 0xf0, 0xa0, 0xc4, 0xc1, 0x7d, 0x10, 0x5c, 0xf0, 0xc0, 0xc4, 0xc1,
    0x7d, 0x10, 0x64, 0xf0, 0xe0, 0xc4, 0xc1, 0x7d, 0x10, 0x2c, 0xf0, 0xc5, 0xfd, 0x11, 0x2c, 0xf0,
    0xc5, 0xfd, 0x11, 0x64, 0xf0, 0xe0, 0xc5, 0xfd, 0x11, 0x5c, 0xf0, 0xc0, 0xc5, 0xfd, 0x11, 0x54,
    0xf0, 0xa0, 0xc4, 0xc1, 0x7d, 0x11, 0x0c, 0xf0, 0xc4, 0xc1, 0x7d, 0x11, 0x4c, 0xf0, 0xe0, 0xc4,
    0xc1, 0x7d, 0x11, 0x4c, 0xf0, 0xc0, 0xc4, 0xc1, 0x7d, 0x11, 0x4c, 0xf0, 0xa0, 0x48, 0x83, 0xc6,
    0xf0, 0x49, 0x39, 0xf2, 0x75, 0xaa, 0x49, 0x39, 0xdc, 0x0f, 0x84, 0xd8, 0x00, 0x00, 0x00, 0x41,
    0xf6, 0xc4, 0x0c, 0x74, 0x4b, 0x49, 0x89, 0xda, 0x4c, 0x89, 0xe3, 0x48, 0x83, 0xe3, 0xfc, 0x48,
    0x89, 0xde, 0x48, 0xf7, 0xde, 0x49, 0xf7, 0xda, 0x0f, 0x1f, 0x84, 0x00, 0x00, 0x00, 0x00, 0x00,
    0xc4, 0x81, 0x7d, 0x10, 0x14, 0xd0, 0xc4, 0xa1, 0x7d, 0x11, 0x14, 0xd0, 0xc4, 0x81, 0x7d, 0x11,
    0x0c, 0xd0, 0x49, 0x83, 0xc2, 0xfc, 0x4c, 0x39, 0xd6, 0x75, 0xe5, 0x49, 0x39, 0xdc, 0x0f, 0x84,
    0x93, 0x00, 0x00, 0x00, 0x66, 0x66, 0x66, 0x2e, 0x0f, 0x1f, 0x84, 0x00, 0x00, 0x00, 0x00, 0x00,
    0x49, 0x89, 0xda, 0x49, 0x83, 0xca, 0x01, 0x41, 0xf6, 0xc4, 0x01, 0x74, 0x2f, 0x4c, 0x01, 0xfb,
    0x48, 0xc1, 0xe3, 0x03, 0x48, 0x8b, 0x74, 0x24, 0x20, 0x48, 0x29, 0xde, 0xc5, 0xfb, 0x10, 0x16,
    0x4c, 0x89, 0xef, 0x48, 0x29, 0xdf, 0xc5, 0xfb, 0x11, 0x17, 0x48, 0x8b, 0xbc, 0x24, 0xf0, 0x01,
    0x00, 0x00, 0x48, 0xc7, 0x06, 0x00, 0x00, 0x00, 0x00, 0x4c, 0x89, 0xd3, 0x4d, 0x39, 0xd4, 0x74,
    0x46, 0x48, 0xf7, 0xdb, 0x66, 0x66, 0x66, 0x2e, 0x0f, 0x1f, 0x84, 0x00, 0x00, 0x00, 0x00, 0x00,
    0xc4, 0xc1, 0x7b, 0x10, 0x14, 0xd9, 0xc4, 0xc1, 0x7b, 0x11, 0x14, 0xdb, 0x49, 0xc7, 0x04, 0xd9,
    0x00, 0x00, 0x00, 0x00, 0xc4, 0xc1, 0x7b, 0x10, 0x54, 0xd9, 0xf8, 0xc4, 0xc1, 0x7b, 0x11, 0x54,
    0xdb, 0xf8, 0x49, 0xc7, 0x44, 0xd9, 0xf8, 0x00, 0x00, 0x00, 0x00, 0x48, 0x83, 0xc3, 0xfe, 0x4d,
    0x89, 0xe2, 0x49, 0x01, 0xda, 0x75, 0xc9, 0x4f, 0x8d, 0x14, 0x3c, 0x49, 0xc1, 0xe2, 0x03, 0x4c,
    0x89, 0xee, 0x4c, 0x29, 0xd6, 0x49, 0xba, 0x00, 0x00, 0x00, 0x00, 0x00, 0x00, 0xf0, 0x3f, 0x4c,
    0x89, 0x16, 0x49, 0x8d, 0x5c, 0x24, 0x01, 0x48, 0x39, 0xfb, 0x48, 0x8b, 0x74, 0x24, 0x10, 0x48,
    0x8b, 0x2c, 0x24, 0x0f, 0x83, 0xd7, 0xfd, 0xff, 0xff, 0x49, 0xf7, 0xd4, 0x49, 0x01, 0xfc, 0x49,
    0x89, 0xde, 0x49, 0x83, 0xfc, 0x04, 0x0f, 0x82, 0xd3, 0x00, 0x00, 0x00, 0x49, 0x83, 0xfc, 0x10,
    0x73, 0x05, 0x45, 0x31, 0xd2, 0xeb, 0x6d, 0x48, 0x8b, 0x74, 0x24, 0x18, 0x48, 0x83, 0xe6, 0xf0,
    0x48, 0xf7, 0xde, 0x4d, 0x89, 0xe2, 0x49, 0x83, 0xe2, 0xf0, 0x4e, 0x8d, 0x34, 0xfd, 0x00, 0x00,
    0x00, 0x00, 0x48, 0x89, 0xcf, 0x4c, 0x29, 0xf7, 0x45, 0x31, 0xf6, 0x0f, 0x1f, 0x44, 0x00, 0x00,
    0xc4, 0xa1, 0x7d, 0x11, 0x4c, 0xf7, 0x20, 0xc4, 0xa1, 0x7d, 0x11, 0x0c, 0xf7, 0xc4, 0xa1, 0x7d,
    0x11, 0x4c, 0xf7, 0xe0, 0xc4, 0xa1, 0x7d, 0x11, 0x4c, 0xf7, 0xc0, 0x49, 0x83, 0xc6, 0xf0, 0x4c,
    0x39, 0xf6, 0x75, 0xdc, 0x4d, 0x39, 0xd4, 0x48, 0x8b, 0xbc, 0x24, 0xf0, 0x01, 0x00, 0x00, 0x48,
    0x8b, 0x74, 0x24, 0x10, 0x0f, 0x84, 0x56, 0xfd, 0xff, 0xff, 0x41, 0xf6, 0xc4, 0x0c, 0x0f, 0x84,
    0x81, 0x00, 0x00, 0x00, 0x48, 0x8b, 0x74, 0x24, 0x18, 0x48, 0x83, 0xe6, 0xfc, 0x48, 0xf7, 0xde,
    0x4c, 0x89, 0xe7, 0x48, 0x83, 0xe7, 0xfc, 0x4c, 0x8d, 0x34, 0x3b, 0x4a, 0x8d, 0x2c, 0xfd, 0x00,
    0x00, 0x00, 0x00, 0x49, 0x89, 0xd5, 0x49, 0x29, 0xed, 0x49, 0xf7, 0xda, 0x0f, 0x1f, 0x40, 0x00,
    0xc4, 0x81, 0x7d, 0x11, 0x4c, 0xd5, 0x00, 0x49, 0x83, 0xc2, 0xfc, 0x4c, 0x39, 0xd6, 0x75, 0xf0,
    0x49, 0x39, 0xfc, 0x4c, 0x8b, 0x6c, 0x24, 0x38, 0x48, 0x8b, 0xbc, 0x24, 0xf0, 0x01, 0x00, 0x00,
    0x48, 0x8b, 0x74, 0x24, 0x10, 0x48, 0x8b, 0x2c, 0x24, 0x0f, 0x84, 0xf1, 0xfc, 0xff, 0xff, 0x49,
    0xf7, 0xde, 0x49, 0xc1, 0xe7, 0x03, 0x4d, 0x89, 0xea, 0x4d, 0x29, 0xfa, 0x0f, 0x1f, 0x40, 0x00,
    0x4b, 0xc7, 0x04, 0xf2, 0x00, 0x00, 0x00, 0x00, 0x49, 0xff, 0xce, 0x4c, 0x39, 0xf5, 0x75, 0xf0,
    0xe9, 0xcb, 0xfc, 0xff, 0xff, 0x49, 0x01, 0xda, 0x4d, 0x89, 0xd6, 0x48, 0x8b, 0x2c, 0x24, 0xeb,
    0xce, 0x66, 0x66, 0x66, 0x66, 0x66, 0x66, 0x2e, 0x0f, 0x1f, 0x84, 0x00, 0x00, 0x00, 0x00, 0x00,
    0x41, 0x57, 0x41, 0x56, 0x41, 0x55, 0x41, 0x54, 0x56, 0x57, 0x55, 0x53, 0x48, 0x81, 0xec, 0x48,
    0x01, 0x00, 0x00, 0xc5, 0x79, 0x29, 0xac, 0x24, 0x30, 0x01, 0x00, 0x00, 0xc5, 0x79, 0x29, 0xa4,
    0x24, 0x20, 0x01, 0x00, 0x00, 0xc5, 0x79, 0x29, 0x9c, 0x24, 0x10, 0x01, 0x00, 0x00, 0xc5, 0x79,
    0x29, 0x94, 0x24, 0x00, 0x01, 0x00, 0x00, 0xc5, 0x79, 0x29, 0x8c, 0x24, 0xf0, 0x00, 0x00, 0x00,
    0xc5, 0x79, 0x29, 0x84, 0x24, 0xe0, 0x00, 0x00, 0x00, 0xc5, 0xf9, 0x29, 0xbc, 0x24, 0xd0, 0x00,
    0x00, 0x00, 0xc5, 0xf9, 0x29, 0xb4, 0x24, 0xc0, 0x00, 0x00, 0x00, 0x4c, 0x89, 0x4c, 0x24, 0x78,
    0x49, 0x89, 0xd2, 0xc5, 0xfb, 0x10, 0x84, 0x24, 0xb8, 0x01, 0x00, 0x00, 0x48, 0x89, 0xc8, 0x4c,
    0x29, 0xc0, 0x48, 0x83, 0xc2, 0xe0, 0x41, 0xbb, 0x5f, 0x00, 0x00, 0x00, 0x31, 0xdb, 0x49, 0xb9,
    0x00, 0x00, 0x00, 0x00, 0x00, 0x00, 0xf0, 0x3f, 0xc5, 0xf0, 0x57, 0xc9, 0x4c, 0x89, 0x14, 0x24,
    0x48, 0x89, 0xce, 0x4c, 0x89, 0xc7, 0xeb, 0x31, 0x0f, 0x1f, 0x84, 0x00, 0x00, 0x00, 0x00, 0x00,
    0x48, 0x81, 0xc7, 0x00, 0xfd, 0xff, 0xff, 0x48, 0x81, 0xc6, 0x00, 0xfd, 0xff, 0xff, 0x49, 0xff,
    0xcb, 0x48, 0x81, 0xc2, 0xf8, 0xfc, 0xff, 0xff, 0x49, 0x81, 0xc2, 0x00, 0xfd, 0xff, 0xff, 0x48,
    0x83, 0xfb, 0x60, 0x0f, 0x84, 0x05, 0x03, 0x00, 0x00, 0x49, 0x89, 0xde, 0x48, 0x8d, 0x1c, 0xdd,
    0x00, 0x00, 0x00, 0x00, 0x4c, 0x8b, 0x7c, 0x24, 0x78, 0x49, 0x29, 0xdf, 0xc4, 0xc1, 0x83, 0x2a,
    0xd6, 0xc4, 0xc1, 0x7b, 0x11, 0x17, 0x48, 0x83, 0xf8, 0x7f, 0x77, 0x44, 0x31, 0xdb, 0x66, 0x90,
    0xc5, 0xfb, 0x10, 0x14, 0xde, 0xc5, 0xfb, 0x11, 0x14, 0xdf, 0xc5, 0xfb, 0x10, 0x54, 0xde, 0xf8,
    0xc5, 0xfb, 0x11, 0x54, 0xdf, 0xf8, 0xc5, 0xfb, 0x10, 0x54, 0xde, 0xf0, 0xc5, 0xfb, 0x11, 0x54,
    0xdf, 0xf0, 0xc5, 0xfb, 0x10, 0x54, 0xde, 0xe8, 0xc5, 0xfb, 0x11, 0x54, 0xdf, 0xe8, 0x48, 0x83,
    0xc3, 0xfc, 0x48, 0x83, 0xfb, 0xa0, 0x75, 0xc8, 0xe9, 0xc1, 0x01, 0x00, 0x00, 0x0f, 0x1f, 0x00,
    0x4c, 0x89, 0xf3, 0x48, 0xc1, 0xe3, 0x05, 0x48, 0x8d, 0x1c, 0x5b, 0x48, 0xf7, 0xdb, 0xc5, 0xfc,
    0x10, 0x54, 0xd9, 0x88, 0xc5, 0xfc, 0x10, 0x5c, 0xd9, 0xa8, 0xc5, 0xfc, 0x10, 0x64, 0xd9, 0xc8,
    0xc5, 0xfc, 0x10, 0x6c, 0xd9, 0xe8, 0xc4, 0xc1, 0x7c, 0x11, 0x6c, 0xd8, 0xe8, 0xc4, 0xc1, 0x7c,
    0x11, 0x64, 0xd8, 0xc8, 0xc4, 0xc1, 0x7c, 0x11, 0x5c, 0xd8, 0xa8, 0xc4, 0xc1, 0x7c, 0x11, 0x54,
    0xd8, 0x88, 0xc5, 0xfc, 0x10, 0x94, 0xd9, 0x08, 0xff, 0xff, 0xff, 0xc5, 0xfc, 0x10, 0x9c, 0xd9,
    0x28, 0xff, 0xff, 0xff, 0xc5, 0xfc, 0x10, 0xa4, 0xd9, 0x48, 0xff, 0xff, 0xff, 0xc5, 0xfc, 0x10,
    0xac, 0xd9, 0x68, 0xff, 0xff, 0xff, 0xc4, 0xc1, 0x7c, 0x11, 0xac, 0xd8, 0x68, 0xff, 0xff, 0xff,
    0xc4, 0xc1, 0x7c, 0x11, 0xa4, 0xd8, 0x48, 0xff, 0xff, 0xff, 0xc4, 0xc1, 0x7c, 0x11, 0x9c, 0xd8,
    0x28, 0xff, 0xff, 0xff, 0xc4, 0xc1, 0x7c, 0x11, 0x94, 0xd8, 0x08, 0xff, 0xff, 0xff, 0xc5, 0xfc,
    0x10, 0x94, 0xd9, 0x88, 0xfe, 0xff, 0xff, 0xc5, 0xfc, 0x10, 0x9c, 0xd9, 0xa8, 0xfe, 0xff, 0xff,
    0xc5, 0xfc, 0x10, 0xa4, 0xd9, 0xc8, 0xfe, 0xff, 0xff, 0xc5, 0xfc, 0x10, 0xac, 0xd9, 0xe8, 0xfe,
    0xff, 0xff, 0xc4, 0xc1, 0x7c, 0x11, 0xac, 0xd8, 0xe8, 0xfe, 0xff, 0xff, 0xc4, 0xc1, 0x7c, 0x11,
    0xa4, 0xd8, 0xc8, 0xfe, 0xff, 0xff, 0xc4, 0xc1, 0x7c, 0x11, 0x9c, 0xd8, 0xa8, 0xfe, 0xff, 0xff,
    0xc4, 0xc1, 0x7c, 0x11, 0x94, 0xd8, 0x88, 0xfe, 0xff, 0xff, 0xc5, 0xfc, 0x10, 0x94, 0xd9, 0x08,
    0xfe, 0xff, 0xff, 0xc5, 0xfc, 0x10, 0x9c, 0xd9, 0x28, 0xfe, 0xff, 0xff, 0xc5, 0xfc, 0x10, 0xa4,
    0xd9, 0x48, 0xfe, 0xff, 0xff, 0xc5, 0xfc, 0x10, 0xac, 0xd9, 0x68, 0xfe, 0xff, 0xff, 0xc4, 0xc1,
    0x7c, 0x11, 0xac, 0xd8, 0x68, 0xfe, 0xff, 0xff, 0xc4, 0xc1, 0x7c, 0x11, 0xa4, 0xd8, 0x48, 0xfe,
    0xff, 0xff, 0xc4, 0xc1, 0x7c, 0x11, 0x9c, 0xd8, 0x28, 0xfe, 0xff, 0xff, 0xc4, 0xc1, 0x7c, 0x11,
    0x94, 0xd8, 0x08, 0xfe, 0xff, 0xff, 0xc5, 0xfc, 0x10, 0x94, 0xd9, 0x88, 0xfd, 0xff, 0xff, 0xc5,
    0xfc, 0x10, 0x9c, 0xd9, 0xa8, 0xfd, 0xff, 0xff, 0xc5, 0xfc, 0x10, 0xa4, 0xd9, 0xc8, 0xfd, 0xff,
    0xff, 0xc5, 0xfc, 0x10, 0xac, 0xd9, 0xe8, 0xfd, 0xff, 0xff, 0xc4, 0xc1, 0x7c, 0x11, 0xac, 0xd8,
    0xe8, 0xfd, 0xff, 0xff, 0xc4, 0xc1, 0x7c, 0x11, 0xa4, 0xd8, 0xc8, 0xfd, 0xff, 0xff, 0xc4, 0xc1,
    0x7c, 0x11, 0x9c, 0xd8, 0xa8, 0xfd, 0xff, 0xff, 0xc4, 0xc1, 0x7c, 0x11, 0x94, 0xd8, 0x88, 0xfd,
    0xff, 0xff, 0xc5, 0xfc, 0x10, 0x94, 0xd9, 0x08, 0xfd, 0xff, 0xff, 0xc5, 0xfc, 0x10, 0x9c, 0xd9,
    0x28, 0xfd, 0xff, 0xff, 0xc5, 0xfc, 0x10, 0xa4, 0xd9, 0x48, 0xfd, 0xff, 0xff, 0xc5, 0xfc, 0x10,
    0xac, 0xd9, 0x68, 0xfd, 0xff, 0xff, 0xc4, 0xc1, 0x7c, 0x11, 0xac, 0xd8, 0x68, 0xfd, 0xff, 0xff,
    0xc4, 0xc1, 0x7c, 0x11, 0xa4, 0xd8, 0x48, 0xfd, 0xff, 0xff, 0xc4, 0xc1, 0x7c, 0x11, 0x9c, 0xd8,
    0x28, 0xfd, 0xff, 0xff, 0xc4, 0xc1, 0x7c, 0x11, 0x94, 0xd8, 0x08, 0xfd, 0xff, 0xff, 0x49, 0x69,
    0xde, 0xf8, 0xfc, 0xff, 0xff, 0x4c, 0x8b, 0x3c, 0x24, 0x4d, 0x89, 0x0c, 0x1f, 0x49, 0x8d, 0x5e,
    0x01, 0x49, 0x83, 0xfe, 0x5e, 0x0f, 0x87, 0x95, 0xfd, 0xff, 0xff, 0x41, 0xbf, 0x5f, 0x00, 0x00,
    0x00, 0x4d, 0x29, 0xf7, 0x49, 0x89, 0xdc, 0x49, 0x83, 0xff, 0x04, 0x0f, 0x82, 0x87, 0x00, 0x00,
    0x00, 0x49, 0x83, 0xff, 0x10, 0x73, 0x05, 0x45, 0x31, 0xf6, 0xeb, 0x47, 0x4d, 0x89, 0xdc, 0x49,
    0x83, 0xe4, 0xf0, 0x49, 0xf7, 0xdc, 0x4d, 0x89, 0xfe, 0x49, 0x83, 0xe6, 0xf0, 0x45, 0x31, 0xed,
    0xc4, 0xa1, 0x7c, 0x11, 0x0c, 0xea, 0xc4, 0xa1, 0x7c, 0x11, 0x4c, 0xea, 0xe0, 0xc4, 0xa1, 0x7c,
    0x11, 0x4c, 0xea, 0xc0, 0xc4, 0xa1, 0x7c, 0x11, 0x4c, 0xea, 0xa0, 0x49, 0x83, 0xc5, 0xf0, 0x4d,
    0x39, 0xec, 0x75, 0xdc, 0x4d, 0x39, 0xf7, 0x0f, 0x84, 0x33, 0xfd, 0xff, 0xff, 0x41, 0xf6, 0xc7,
    0x0c, 0x74, 0x53, 0x4d, 0x89, 0xdd, 0x49, 0x83, 0xe5, 0xfc, 0x49, 0xf7, 0xdd, 0x4c, 0x89, 0xfd,
    0x48, 0x83, 0xe5, 0xfc, 0x4c, 0x8d, 0x24, 0x2b, 0x49, 0xf7, 0xde, 0x0f, 0x1f, 0x44, 0x00, 0x00,
    0xc4, 0xa1, 0x7c, 0x11, 0x0c, 0xf2, 0x49, 0x83, 0xc6, 0xfc, 0x4d, 0x39, 0xf5, 0x75, 0xf1, 0x49,
    0x39, 0xef, 0x0f, 0x84, 0xf8, 0xfc, 0xff, 0xff, 0x49, 0xf7, 0xdc, 0x0f, 0x1f, 0x44, 0x00, 0x00,
    0x4b, 0xc7, 0x04, 0xe2, 0x00, 0x00, 0x00, 0x00, 0x49, 0xff, 0xcc, 0x49, 0x83, 0xfc, 0xa0, 0x75,
    0xef, 0xe9, 0xda, 0xfc, 0xff, 0xff, 0x49, 0x01, 0xde, 0x4d, 0x89, 0xf4, 0xeb, 0xda, 0x4c, 0x8b,
    0x0c, 0x24, 0x49, 0x8d, 0x41, 0x08, 0x48, 0x89, 0x84, 0x24, 0x90, 0x00, 0x00, 0x00, 0x49, 0x8d,
    0x58, 0xe8, 0x49, 0x8d, 0x49, 0xe8, 0x49, 0x8d, 0x90, 0xe8, 0xfc, 0xff, 0xff, 0x48, 0x89, 0x54,
    0x24, 0x58, 0x49, 0x8d, 0x90, 0xf8, 0xfc, 0xff, 0xff, 0x48, 0x89, 0x54, 0x24, 0x50, 0xc5, 0xfb,
    0x10, 0x0d, 0x4a, 0x1b, 0x00, 0x00, 0xba, 0x60, 0x00, 0x00, 0x00, 0x48, 0x89, 0x54, 0x24, 0x40,
    0x49, 0xc7, 0xc4, 0xe0, 0xff, 0xff, 0xff, 0x48, 0xc7, 0x44, 0x24, 0x48, 0xe0, 0xfc, 0xff, 0xff,
    0x48, 0xc7, 0x84, 0x24, 0x80, 0x00, 0x00, 0x00, 0xfd, 0xff, 0xff, 0xff, 0xc5, 0xfb, 0x12, 0x15,
    0x24, 0x1b, 0x00, 0x00, 0xc5, 0xfb, 0x12, 0x1d, 0x1c, 0x1b, 0x00, 0x00, 0xc5, 0xfb, 0x12, 0x25,
    0x4c, 0x1b, 0x00, 0x00, 0x4c, 0x89, 0xcd, 0x48, 0x89, 0x8c, 0x24, 0x88, 0x00, 0x00, 0x00, 0x48,
    0x89, 0x4c, 0x24, 0x30, 0x4d, 0x89, 0xc3, 0xc5, 0xf9, 0x28, 0xe9, 0x48, 0x89, 0x5c, 0x24, 0x38,
    0x48, 0x89, 0x5c, 0x24, 0x70, 0x4c, 0x89, 0xc1, 0x31, 0xc0, 0x4c, 0x89, 0x84, 0x24, 0x98, 0x00,
    0x00, 0x00, 0xe9, 0x8d, 0x00, 0x00, 0x00, 0x66, 0x0f, 0x1f, 0x84, 0x00, 0x00, 0x00, 0x00, 0x00,
    0x48, 0x8b, 0x8c, 0x24, 0xa8, 0x00, 0x00, 0x00, 0x48, 0x83, 0xc1, 0xf8, 0x48, 0xff, 0x4c, 0x24,
    0x40, 0x48, 0x8b, 0x5c, 0x24, 0x60, 0x48, 0x81, 0xc3, 0xf8, 0xfc, 0xff, 0xff, 0x48, 0x83, 0x44,
    0x24, 0x38, 0xf8, 0x49, 0x81, 0xc3, 0x00, 0xfd, 0xff, 0xff, 0x48, 0x81, 0x44, 0x24, 0x30, 0x00,
    0xfd, 0xff, 0xff, 0x48, 0x8b, 0x6c, 0x24, 0x68, 0x48, 0x81, 0xc5, 0x00, 0xfd, 0xff, 0xff, 0x49,
    0x81, 0xc4, 0xf8, 0xfc, 0xff, 0xff, 0x48, 0x81, 0x44, 0x24, 0x48, 0xf8, 0xfc, 0xff, 0xff, 0x48,
    0xff, 0x84, 0x24, 0x80, 0x00, 0x00, 0x00, 0x48, 0x81, 0x44, 0x24, 0x58, 0x00, 0xfd, 0xff, 0xff,
    0x48, 0x81, 0x44, 0x24, 0x70, 0x00, 0xfd, 0xff, 0xff, 0x48, 0x81, 0x44, 0x24, 0x50, 0x00, 0xfd,
    0xff, 0xff, 0x48, 0x8b, 0x84, 0x24, 0xa0, 0x00, 0x00, 0x00, 0x48, 0x83, 0xf8, 0x60, 0x0f, 0x84,
    0x88, 0x09, 0x00, 0x00, 0x49, 0x89, 0xc5, 0x48, 0x69, 0xc0, 0xf8, 0xfc, 0xff, 0xff, 0x48, 0x89,
    0x44, 0x24, 0x10, 0xc4, 0xc1, 0x7b, 0x10, 0x34, 0x00, 0xc5, 0xc9, 0x54, 0xfa, 0x4d, 0x8d, 0x75,
    0x01, 0x49, 0x83, 0xfd, 0x5e, 0x0f, 0x87, 0xb5, 0x00, 0x00, 0x00, 0x4c, 0x89, 0xf0, 0x4c, 0x89,
    0xee, 0x41, 0xf6, 0xc5, 0x01, 0x75, 0x36, 0x4c, 0x89, 0xf0, 0x48, 0xc1, 0xe0, 0x05, 0x48, 0x8d,
    0x04, 0x40, 0x4c, 0x01, 0xe8, 0x48, 0xc1, 0xe0, 0x03, 0x4c, 0x89, 0xc2, 0x48, 0x29, 0xc2, 0xc5,
    0x7b, 0x10, 0x02, 0xc5, 0x39, 0x54, 0xc2, 0xc5, 0x79, 0x2e, 0xc7, 0x4d, 0x89, 0xea, 0x4d, 0x0f,
    0x47, 0xd6, 0xc5, 0xbb, 0x5f, 0xff, 0x49, 0x8d, 0x45, 0x02, 0x4c, 0x89, 0xd6, 0x49, 0x83, 0xfd,
    0x5e, 0x74, 0x70, 0x48, 0x89, 0xc2, 0x48, 0xc1, 0xe2, 0x08, 0x48, 0x8d, 0x3c, 0x52, 0x48, 0xf7,
    0xdf, 0x66, 0x66, 0x66, 0x66, 0x66, 0x66, 0x2e, 0x0f, 0x1f, 0x84, 0x00, 0x00, 0x00, 0x00, 0x00,
    0xc5, 0x7b, 0x10, 0x04, 0x39, 0xc5, 0x39, 0x54, 0xc3, 0xc5, 0x79, 0x2e, 0xc7, 0x48, 0x0f, 0x47,
    0xf0, 0xc5, 0xbb, 0x5f, 0xff, 0xc5, 0x7b, 0x10, 0x84, 0x39, 0x00, 0xfd, 0xff, 0xff, 0xc5, 0x39,
    0x54, 0xc3, 0x4c, 0x8d, 0x50, 0x01, 0xc5, 0x79, 0x2e, 0xc7, 0x4c, 0x0f, 0x46, 0xd6, 0xc5, 0xbb,
    0x5f, 0xff, 0x48, 0x81, 0xc7, 0x00, 0xfa, 0xff, 0xff, 0x48, 0x83, 0xc0, 0x02, 0x4c, 0x89, 0xd6,
    0x48, 0x83, 0xf8, 0x60, 0x75, 0xba, 0xeb, 0x0b, 0x0f, 0x1f, 0x84, 0x00, 0x00, 0x00, 0x00, 0x00,
    0x4d, 0x89, 0xea, 0xc5, 0xf9, 0x2e, 0xf8, 0x0f, 0x86, 0x9b, 0x08, 0x00, 0x00, 0x4c, 0x89, 0xb4,
    0x24, 0xa0, 0x00, 0x00, 0x00, 0x48, 0x89, 0x8c, 0x24, 0xa8, 0x00, 0x00, 0x00, 0x48, 0x89, 0x5c,
    0x24, 0x60, 0x4c, 0x89, 0xe8, 0x48, 0xc1, 0xe0, 0x08, 0x48, 0x8d, 0x3c, 0x40, 0x4c, 0x89, 0xc0,
    0x48, 0x29, 0xf8, 0x48, 0x89, 0x44, 0x24, 0x28, 0x4c, 0x89, 0xe8, 0x48, 0xc1, 0xe0, 0x05, 0x4c,
    0x8d, 0x34, 0x40, 0x4d, 0x39, 0xea, 0x4c, 0x89, 0x6c, 0x24, 0x18, 0x4c, 0x89, 0x74, 0x24, 0x20,
    0x48, 0x89, 0x6c, 0x24, 0x68, 0x0f, 0x84, 0x5b, 0x03, 0x00, 0x00, 0xbe, 0x60, 0x00, 0x00, 0x00,
    0x4c, 0x29, 0xee, 0x4a, 0x8d, 0x1c, 0xed, 0x00, 0x00, 0x00, 0x00, 0x48, 0x89, 0x5c, 0x24, 0x08,
    0x48, 0xf7, 0xdb, 0x4c, 0x89, 0xd0, 0x48, 0xc1, 0xe0, 0x05, 0x48, 0x8d, 0x04, 0x40, 0x48, 0xf7,
    0xd8, 0x4d, 0x89, 0xef, 0x48, 0x83, 0xfe, 0x08, 0x0f, 0x82, 0xd2, 0x00, 0x00, 0x00, 0x48, 0x8b,
    0x4c, 0x24, 0x10, 0x49, 0x8d, 0x14, 0x08, 0x48, 0x83, 0xc2, 0x08, 0x4d, 0x89, 0xd1, 0x49, 0xc1,
    0xe1, 0x08, 0x4f, 0x8d, 0x2c, 0x49, 0x4d, 0x8d, 0x88, 0x08, 0xfd, 0xff, 0xff, 0x4d, 0x29, 0xe9,
    0x49, 0x39, 0xd1, 0x4c, 0x8b, 0x0c, 0x24, 0x73, 0x29, 0x49, 0x8d, 0x14, 0x18, 0x48, 0x83, 0xc2,
    0x08, 0x48, 0x8b, 0x4c, 0x24, 0x28, 0x4c, 0x8d, 0x89, 0x08, 0xfd, 0xff, 0xff, 0x4c, 0x29, 0xea,
    0x4c, 0x8b, 0x7c, 0x24, 0x18, 0x49, 0x39, 0xd1, 0x4c, 0x8b, 0x0c, 0x24, 0x0f, 0x82, 0x7e, 0x00,
    0x00, 0x00, 0x48, 0x8b, 0x54, 0x24, 0x40, 0x48, 0x83, 0xe2, 0xf8, 0x48, 0xf7, 0xda, 0x48, 0x89,
    0xf5, 0x48, 0x83, 0xe5, 0xf8, 0x48, 0x8b, 0x4c, 0x24, 0x18, 0x4c, 0x8d, 0x3c, 0x29, 0x4c, 0x8b,
    0x74, 0x24, 0x38, 0x4d, 0x29, 0xee, 0x45, 0x31, 0xed, 0x48, 0x8b, 0x4c, 0x24, 0x60, 0x66, 0x90,
    0xc4, 0x81, 0x7d, 0x10, 0x74, 0xee, 0xe0, 0xc4, 0x81, 0x7d, 0x10, 0x3c, 0xee, 0xc4, 0x21, 0x7d,
    0x10, 0x44, 0xe9, 0xe0, 0xc4, 0x21, 0x7d, 0x10, 0x0c, 0xe9, 0xc4, 0x01, 0x7d, 0x11, 0x0c, 0xee,
    0xc4, 0x01, 0x7d, 0x11, 0x44, 0xee, 0xe0, 0xc4, 0xa1, 0x7d, 0x11, 0x3c, 0xe9, 0xc4, 0xa1, 0x7d,
    0x11, 0x74, 0xe9, 0xe0, 0x49, 0x83, 0xc5, 0xf8, 0x4c, 0x39, 0xea, 0x75, 0xc3, 0x48, 0x39, 0xee,
    0x48, 0x8b, 0x6c, 0x24, 0x68, 0x4c, 0x8b, 0x74, 0x24, 0x20, 0x0f, 0x84, 0x8a, 0x00, 0x00, 0x00,
    0x4c, 0x89, 0xfe, 0x41, 0xf6, 0xc7, 0x01, 0x74, 0x35, 0x48, 0x89, 0xc2, 0x4c, 0x29, 0xfa, 0xc4,
    0xc1, 0x7b, 0x10, 0x34, 0xd0, 0x4f, 0x8d, 0x0c, 0x3e, 0x49, 0xc1, 0xe1, 0x03, 0x4c, 0x89, 0xc6,
    0x4c, 0x29, 0xce, 0x49, 0xf7, 0xd9, 0xc5, 0xfb, 0x10, 0x3e, 0xc4, 0xc1, 0x7b, 0x11, 0x3c, 0xd0,
    0xc4, 0x81, 0x7b, 0x11, 0x34, 0x08, 0x4c, 0x8b, 0x0c, 0x24, 0x49, 0x8d, 0x77, 0x01, 0x49, 0x83,
    0xff, 0x5f, 0x74, 0x46, 0x49, 0x8d, 0x14, 0xc0, 0x48, 0xf7, 0xde, 0x0f, 0x1f, 0x44, 0x00, 0x00,
    0xc5, 0xfb, 0x10, 0x34, 0xf2, 0xc4, 0xc1, 0x7b, 0x10, 0x3c, 0xf3, 0xc5, 0xfb, 0x11, 0x3c, 0xf2,
    0xc4, 0xc1, 0x7b, 0x11, 0x34, 0xf3, 0xc5, 0xfb, 0x10, 0x74, 0xf2, 0xf8, 0xc4, 0xc1, 0x7b, 0x10,
    0x7c, 0xf3, 0xf8, 0xc5, 0xfb, 0x11, 0x7c, 0xf2, 0xf8, 0xc4, 0xc1, 0x7b, 0x11, 0x74, 0xf3, 0xf8,
    0x48, 0x83, 0xc6, 0xfe, 0x48, 0x83, 0xfe, 0xa0, 0x75, 0xc6, 0x4c, 0x8b, 0x6c, 0x24, 0x18, 0x4d,
    0x85, 0xed, 0x0f, 0x84, 0x82, 0x01, 0x00, 0x00, 0x49, 0x83, 0xfd, 0x08, 0x73, 0x07, 0x31, 0xf6,
    0xe9, 0xdb, 0x00, 0x00, 0x00, 0xba, 0x08, 0x00, 0x00, 0x00, 0x48, 0x2b, 0x54, 0x24, 0x08, 0x4c,
    0x01, 0xca, 0x4d, 0x89, 0xce, 0x49, 0x29, 0xf9, 0x49, 0x83, 0xc1, 0x08, 0x4c, 0x89, 0xd6, 0x48,
    0xc1, 0xe6, 0x08, 0x4c, 0x8d, 0x3c, 0x76, 0x4c, 0x29, 0xfa, 0x4c, 0x39, 0xca, 0x73, 0x27, 0x48,
    0x8b, 0x4c, 0x24, 0x10, 0x49, 0x8d, 0x14, 0x0e, 0x48, 0x83, 0xc2, 0x08, 0x4c, 0x8b, 0x8c, 0x24,
    0x90, 0x00, 0x00, 0x00, 0x4d, 0x29, 0xf9, 0x4c, 0x39, 0xca, 0x73, 0x0a, 0x31, 0xf6, 0x4d, 0x89,
    0xf1, 0xe9, 0x8a, 0x00, 0x00, 0x00, 0x4c, 0x89, 0xea, 0x48, 0x83, 0xe2, 0xf8, 0x48, 0xf7, 0xda,
    0x4c, 0x89, 0xee, 0x49, 0xb9, 0xf8, 0xff, 0xff, 0xff, 0xff, 0xff, 0xff, 0x7f, 0x4c, 0x21, 0xce,
    0x4c, 0x8b, 0xb4, 0x24, 0x88, 0x00, 0x00, 0x00, 0x4d, 0x29, 0xfe, 0x45, 0x31, 0xff, 0x4c, 0x8b,
    0x4c, 0x24, 0x30, 0x66, 0x66, 0x66, 0x66, 0x2e, 0x0f, 0x1f, 0x84, 0x00, 0x00, 0x00, 0x00, 0x00,
    0xc4, 0x81, 0x7d, 0x10, 0x74, 0xfe, 0xe0, 0xc4, 0x81, 0x7d, 0x10, 0x3c, 0xfe, 0xc4, 0x01, 0x7d,
    0x10, 0x44, 0xf9, 0xe0, 0xc4, 0x01, 0x7d, 0x10, 0x0c, 0xf9, 0xc4, 0x01, 0x7d, 0x11, 0x0c, 0xfe,
    0xc4, 0x01, 0x7d, 0x11, 0x44, 0xfe, 0xe0, 0xc4, 0x81, 0x7d, 0x11, 0x3c, 0xf9, 0xc4, 0x81, 0x7d,
    0x11, 0x74, 0xf9, 0xe0, 0x49, 0x83, 0xc7, 0xf8, 0x4c, 0x39, 0xfa, 0x75, 0xc3, 0x49, 0x39, 0xf5,
    0x4c, 0x8b, 0x0c, 0x24, 0x0f, 0x84, 0xa0, 0x00, 0x00, 0x00, 0x66, 0x0f, 0x1f, 0x44, 0x00, 0x00,
    0x48, 0x89, 0xf2, 0x48, 0x83, 0xca, 0x01, 0x41, 0xf6, 0xc5, 0x01, 0x74, 0x3f, 0x49, 0x89, 0xc1,
    0x49, 0x29, 0xf1, 0x4c, 0x8b, 0x34, 0x24, 0xc4, 0x81, 0x7b, 0x10, 0x34, 0xce, 0x48, 0x03, 0x74,
    0x24, 0x20, 0x48, 0xc1, 0xe6, 0x03, 0x4c, 0x8b, 0x34, 0x24, 0x49, 0x29, 0xf6, 0x48, 0xf7, 0xde,
    0xc4, 0xc1, 0x7b, 0x10, 0x3e, 0x4c, 0x8b, 0x34, 0x24, 0xc4, 0x81, 0x7b, 0x11, 0x3c, 0xce, 0x4c,
    0x8b, 0x0c, 0x24, 0xc4, 0xc1, 0x7b, 0x11, 0x34, 0x31, 0x48, 0x89, 0xd6, 0x49, 0x39, 0xd5, 0x74,
    0x49, 0x49, 0x8d, 0x04, 0xc1, 0x48, 0xf7, 0xde, 0x0f, 0x1f, 0x84, 0x00, 0x00, 0x00, 0x00, 0x00,
    0xc5, 0xfb, 0x10, 0x34, 0xf0, 0xc5, 0xfb, 0x10, 0x7c, 0xf5, 0x00, 0xc5, 0xfb, 0x11, 0x3c, 0xf0,
    0xc5, 0xfb, 0x11, 0x74, 0xf5, 0x00, 0xc5, 0xfb, 0x10, 0x74, 0xf0, 0xf8, 0xc5, 0xfb, 0x10, 0x7c,
    0xf5, 0xf8, 0xc5, 0xfb, 0x11, 0x7c, 0xf0, 0xf8, 0xc5, 0xfb, 0x11, 0x74, 0xf5, 0xf8, 0x48, 0x83,
    0xc6, 0xfe, 0x4c, 0x89, 0xea, 0x48, 0x01, 0xf2, 0x75, 0xc6, 0x49, 0xc1, 0xe2, 0x03, 0x48, 0x8b,
    0x54, 0x24, 0x78, 0x48, 0x89, 0xd0, 0x4c, 0x29, 0xd0, 0x49, 0xf7, 0xda, 0xc5, 0xfb, 0x10, 0x30,
    0x48, 0x89, 0xd0, 0x48, 0x2b, 0x44, 0x24, 0x08, 0xc5, 0xfb, 0x10, 0x38, 0xc4, 0xa1, 0x7b, 0x11,
    0x3c, 0x12, 0xc5, 0xfb, 0x11, 0x34, 0x1a, 0xc5, 0xd1, 0x57, 0xec, 0x48, 0x8b, 0x44, 0x24, 0x10,
    0xc4, 0xc1, 0x7b, 0x10, 0x34, 0x00, 0x49, 0x83, 0xfd, 0x5e, 0x0f, 0x87, 0xe0, 0xfa, 0xff, 0xff,
    0x48, 0xc7, 0xc0, 0x08, 0xfd, 0xff, 0xff, 0x48, 0x29, 0xf8, 0x48, 0xf7, 0xdf, 0x4c, 0x01, 0xc0,
    0x48, 0x89, 0x84, 0x24, 0xb8, 0x00, 0x00, 0x00, 0x48, 0x83, 0x44, 0x24, 0x28, 0x08, 0x49, 0x8d,
    0x04, 0x38, 0x48, 0x05, 0x08, 0xfa, 0xff, 0xff, 0x48, 0x89, 0x44, 0x24, 0x10, 0xc5, 0xf3, 0x5e,
    0xf6, 0x4c, 0x8b, 0x74, 0x24, 0x50, 0x48, 0x8b, 0x74, 0x24, 0x58, 0x48, 0x8b, 0x5c, 0x24, 0x48,
    0x45, 0x31, 0xd2, 0x48, 0x8b, 0x44, 0x24, 0x18, 0x4c, 0x8d, 0x78, 0x01, 0xeb, 0x27, 0x66, 0x90,
    0x49, 0xff, 0xc7, 0x49, 0xff, 0xc2, 0x48, 0x81, 0xc3, 0x00, 0xfd, 0xff, 0xff, 0x48, 0x81, 0xc6,
    0x00, 0xfd, 0xff, 0xff, 0x49, 0x81, 0xc6, 0x00, 0xfd, 0xff, 0xff, 0x49, 0x83, 0xff, 0x60, 0x0f,
    0x84, 0x6b, 0xfa, 0xff, 0xff, 0x4c, 0x89, 0xf8, 0x48, 0xc1, 0xe0, 0x05, 0x4c, 0x8d, 0x2c, 0x40,
    0x48, 0x8b, 0x6c, 0x24, 0x18, 0x48, 0x89, 0xe8, 0x4c, 0x01, 0xe8, 0x48, 0xc1, 0xe0, 0x03, 0x4c,
    0x89, 0xc1, 0x48, 0x29, 0xc1, 0x4c, 0x89, 0xca, 0xc5, 0xcb, 0x59, 0x39, 0x48, 0x29, 0xc2, 0xc5,
    0xfb, 0x11, 0x3a, 0x48, 0xc7, 0x01, 0x00, 0x00, 0x00, 0x00, 0xc4, 0x62, 0x7d, 0x19, 0xc7, 0x48,
    0x8d, 0x7d, 0x01, 0x48, 0x8b, 0x84, 0x24, 0x80, 0x00, 0x00, 0x00, 0x4c, 0x89, 0xc2, 0x48, 0x83,
    0xfd, 0x5b, 0x77, 0x32, 0x66, 0x66, 0x66, 0x2e, 0x0f, 0x1f, 0x84, 0x00, 0x00, 0x00, 0x00, 0x00,
    0xc4, 0x21, 0x7d, 0x10, 0x0c, 0x22, 0xc4, 0x62, 0xbd, 0xac, 0x0c, 0x1a, 0xc5, 0x7d, 0x11, 0x0c,
    0x1a, 0x48, 0x83, 0xc2, 0xe0, 0x48, 0x83, 0xc0, 0x04, 0x48, 0x83, 0xf8, 0x59, 0x72, 0xe1, 0x48,
    0x83, 0xc0, 0x04, 0x48, 0x89, 0xc7, 0x48, 0x83, 0xff, 0x5f, 0x0f, 0x87, 0x50, 0xff, 0xff, 0xff,
    0x48, 0x83, 0xff, 0x5c, 0x0f, 0x87, 0x46, 0x03, 0x00, 0x00, 0x4c, 0x89, 0xd0, 0x48, 0xc1, 0xe0,
    0x08, 0x48, 0x8d, 0x04, 0x40, 0x48, 0x8b, 0x4c, 0x24, 0x10, 0x48, 0x29, 0xc1, 0x48, 0x8d, 0x2c,
    0xfd, 0x00, 0x00, 0x00, 0x00, 0x48, 0x8b, 0x54, 0x24, 0x28, 0x48, 0x29, 0xea, 0x48, 0x39, 0xd1,
    0x73, 0x1a, 0x48, 0x8b, 0x94, 0x24, 0xb8, 0x00, 0x00, 0x00, 0x48, 0x89, 0xd1, 0x48, 0x29, 0xc1,
    0x48, 0x29, 0xe9, 0x48, 0x39, 0xca, 0x0f, 0x82, 0x04, 0x03, 0x00, 0x00, 0x48, 0x89, 0xac, 0x24,
    0xb0, 0x00, 0x00, 0x00, 0xba, 0x60, 0x00, 0x00, 0x00, 0x48, 0x29, 0xfa, 0x48, 0x83, 0xff, 0x50,
    0x48, 0x89, 0x54, 0x24, 0x08, 0x76, 0x07, 0x31, 0xed, 0xe9, 0x74, 0x02, 0x00, 0x00, 0x89, 0xd5,
    0x83, 0xe5, 0x70, 0x48, 0x8b, 0x54, 0x24, 0x20, 0x48, 0x8d, 0x04, 0x3a, 0x48, 0xc1, 0xe0, 0x03,
    0x4c, 0x89, 0xc1, 0x48, 0x29, 0xc1, 0x48, 0xf7, 0xd8, 0xc5, 0x7d, 0x10, 0x49, 0xa8, 0xc5, 0x7d,
    0x10, 0x51, 0xc8, 0xc5, 0x7d, 0x10, 0x59, 0xe8, 0xc4, 0x41, 0x7d, 0x10, 0x64, 0x00, 0x88, 0x4a,
    0x8d, 0x04, 0x2f, 0x48, 0xc1, 0xe0, 0x03, 0x4c, 0x89, 0xc1, 0x48, 0x29, 0xc1, 0xc4, 0x62, 0xbd,
    0xac, 0x59, 0xe8, 0xc4, 0x62, 0xbd, 0xac, 0x51, 0xc8, 0xc4, 0x62, 0xbd, 0xac, 0x49, 0xa8, 0x48,
    0xf7, 0xd8, 0xc4, 0x62, 0xbd, 0xac, 0x61, 0x88, 0xc5, 0x7d, 0x11, 0x59, 0xe8, 0xc5, 0x7d, 0x11,
    0x51, 0xc8, 0xc5, 0x7d, 0x11, 0x49, 0xa8, 0xc4, 0x41, 0x7d, 0x11, 0x64, 0x00, 0x88, 0x48, 0x83,
    0xfd, 0x10, 0x0f, 0x84, 0xe3, 0x01, 0x00, 0x00, 0x48, 0x8d, 0x04, 0x3a, 0x48, 0x83, 0xc0, 0x10,
    0x48, 0xc1, 0xe0, 0x03, 0x4c, 0x89, 0xc1, 0x48, 0x29, 0xc1, 0x48, 0xf7, 0xd8, 0xc5, 0x7d, 0x10,
    0x49, 0xa8, 0xc5, 0x7d, 0x10, 0x51, 0xc8, 0xc5, 0x7d, 0x10, 0x59, 0xe8, 0xc4, 0x41, 0x7d, 0x10,
    0x64, 0x00, 0x88, 0x4a, 0x8d, 0x04, 0x2f, 0x48, 0x83, 0xc0, 0x10, 0x48, 0xc1, 0xe0, 0x03, 0x4c,
    0x89, 0xc1, 0x48, 0x29, 0xc1, 0xc4, 0x42, 0x7d, 0x19, 0xe8, 0xc4, 0x62, 0x95, 0xac, 0x59, 0xe8,
    0xc4, 0x62, 0x95, 0xac, 0x51, 0xc8, 0xc4, 0x62, 0x95, 0xac, 0x49, 0xa8, 0x48, 0xf7, 0xd8, 0xc4,
    0x62, 0x95, 0xac, 0x61, 0x88, 0xc5, 0x7d, 0x11, 0x59, 0xe8, 0xc5, 0x7d, 0x11, 0x51, 0xc8, 0xc5,
    0x7d, 0x11, 0x49, 0xa8, 0xc4, 0x41, 0x7d, 0x11, 0x64, 0x00, 0x88, 0x83, 0xfd, 0x20, 0x0f, 0x84,
    0x67, 0x01, 0x00, 0x00, 0x48, 0x8d, 0x04, 0x3a, 0x48, 0x83, 0xc0, 0x20, 0x48, 0xc1, 0xe0, 0x03,
    0x4c, 0x89, 0xc1, 0x48, 0x29, 0xc1, 0x48, 0xf7, 0xd8, 0xc5, 0x7d, 0x10, 0x49, 0xa8, 0xc5, 0x7d,
    0x10, 0x51, 0xc8, 0xc5, 0x7d, 0x10, 0x59, 0xe8, 0xc4, 0x41, 0x7d, 0x10, 0x64, 0x00, 0x88, 0x4a,
    0x8d, 0x04, 0x2f, 0x48, 0x83, 0xc0, 0x20, 0x48, 0xc1, 0xe0, 0x03, 0x4c, 0x89, 0xc1, 0x48, 0x29,
    0xc1, 0xc4, 0x42, 0x7d, 0x19, 0xe8, 0xc4, 0x62, 0x95, 0xac, 0x59, 0xe8, 0xc4, 0x62, 0x95, 0xac,
    0x51, 0xc8, 0xc4, 0x62, 0x95, 0xac, 0x49, 0xa8, 0x48, 0xf7, 0xd8, 0xc4, 0x62, 0x95, 0xac, 0x61,
    0x88, 0xc5, 0x7d, 0x11, 0x59, 0xe8, 0xc5, 0x7d, 0x11, 0x51, 0xc8, 0xc5, 0x7d, 0x11, 0x49, 0xa8,
    0xc4, 0x41, 0x7d, 0x11, 0x64, 0x00, 0x88, 0x83, 0xfd, 0x30, 0x0f, 0x84, 0xeb, 0x00, 0x00, 0x00,
    0x48, 0x8d, 0x04, 0x3a, 0x48, 0x83, 0xc0, 0x30, 0x48, 0xc1, 0xe0, 0x03, 0x4c, 0x89, 0xc1, 0x48,
    0x29, 0xc1, 0x48, 0xf7, 0xd8, 0xc5, 0x7d, 0x10, 0x49, 0xa8, 0xc5, 0x7d, 0x10, 0x51, 0xc8, 0xc5,
    0x7d, 0x10, 0x59, 0xe8, 0xc4, 0x41, 0x7d, 0x10, 0x64, 0x00, 0x88, 0x4a, 0x8d, 0x04, 0x2f, 0x48,
    0x83, 0xc0, 0x30, 0x48, 0xc1, 0xe0, 0x03, 0x4c, 0x89, 0xc1, 0x48, 0x29, 0xc1, 0xc4, 0x42, 0x7d,
    0x19, 0xe8, 0xc4, 0x62, 0x95, 0xac, 0x59, 0xe8, 0xc4, 0x62, 0x95, 0xac, 0x51, 0xc8, 0xc4, 0x62,
    0x95, 0xac, 0x49, 0xa8, 0x48, 0xf7, 0xd8, 0xc4, 0x62, 0x95, 0xac, 0x61, 0x88, 0xc5, 0x7d, 0x11,
    0x59, 0xe8, 0xc5, 0x7d, 0x11, 0x51, 0xc8, 0xc5, 0x7d, 0x11, 0x49, 0xa8, 0xc4, 0x41, 0x7d, 0x11,
    0x64, 0x00, 0x88, 0x83, 0xfd, 0x40, 0x74, 0x73, 0x48, 0x8d, 0x04, 0x3a, 0x48, 0x83, 0xc0, 0x40,
    0x48, 0xc1, 0xe0, 0x03, 0x4c, 0x89, 0xc1, 0x48, 0x29, 0xc1, 0x48, 0xf7, 0xd8, 0xc5, 0x7d, 0x10,
    0x49, 0xa8, 0xc5, 0x7d, 0x10, 0x51, 0xc8, 0xc5, 0x7d, 0x10, 0x59, 0xe8, 0xc4, 0x41, 0x7d, 0x10,
    0x64, 0x00, 0x88, 0x4a, 0x8d, 0x04, 0x2f, 0x48, 0x83, 0xc0, 0x40, 0x48, 0xc1, 0xe0, 0x03, 0x4c,
    0x89, 0xc1, 0x48, 0x29, 0xc1, 0x48, 0xf7, 0xd8, 0xc4, 0x42, 0x7d, 0x19, 0xe8, 0xc4, 0x62, 0x95,
    0xac, 0x59, 0xe8, 0xc4, 0x62, 0x95, 0xac, 0x51, 0xc8, 0xc4, 0x62, 0x95, 0xac, 0x49, 0xa8, 0xc4,
    0x62, 0x95, 0xac, 0x61, 0x88, 0xc5, 0x7d, 0x11, 0x59, 0xe8, 0xc5, 0x7d, 0x11, 0x51, 0xc8, 0xc5,
    0x7d, 0x11, 0x49, 0xa8, 0xc4, 0x41, 0x7d, 0x11, 0x64, 0x00, 0x88, 0x48, 0x8b, 0x54, 0x24, 0x08,
    0x48, 0x39, 0xea, 0x0f, 0x84, 0x77, 0xfc, 0xff, 0xff, 0xf6, 0xc2, 0x0c, 0x0f, 0x84, 0xf4, 0x00,
    0x00, 0x00, 0x83, 0xe2, 0x7c, 0x48, 0x01, 0xd7, 0x48, 0x89, 0xd0, 0x48, 0xf7, 0xd8, 0x48, 0xf7,
    0xdd, 0x48, 0x89, 0xf1, 0x4c, 0x8b, 0x84, 0x24, 0xb0, 0x00, 0x00, 0x00, 0x4c, 0x29, 0xc1, 0x4c,
    0x8b, 0x4c, 0x24, 0x70, 0x4d, 0x29, 0xc1, 0x66, 0x0f, 0x1f, 0x84, 0x00, 0x00, 0x00, 0x00, 0x00,
    0xc4, 0x41, 0x7d, 0x10, 0x0c, 0xe9, 0xc4, 0x62, 0xbd, 0xac, 0x0c, 0xe9, 0xc5, 0x7d, 0x11, 0x0c,
    0xe9, 0x48, 0x83, 0xc5, 0xfc, 0x48, 0x39, 0xe8, 0x75, 0xe6, 0x48, 0x39, 0x54, 0x24, 0x08, 0x4c,
    0x8b, 0x0c, 0x24, 0x4c, 0x8b, 0x84, 0x24, 0x98, 0x00, 0x00, 0x00, 0x0f, 0x84, 0x0f, 0xfc, 0xff,
    0xff, 0x66, 0x66, 0x66, 0x66, 0x66, 0x66, 0x2e, 0x0f, 0x1f, 0x84, 0x00, 0x00, 0x00, 0x00, 0x00,
    0x48, 0x89, 0xf8, 0x40, 0xf6, 0xc7, 0x01, 0x74, 0x34, 0x48, 0x8b, 0x44, 0x24, 0x20, 0x48, 0x01,
    0xf8, 0x48, 0xc1, 0xe0, 0x03, 0x48, 0xf7, 0xd8, 0xc4, 0x41, 0x7b, 0x10, 0x04, 0x00, 0x49, 0x01,
    0xfd, 0x49, 0xc1, 0xe5, 0x03, 0x4c, 0x89, 0xc0, 0x4c, 0x29, 0xe8, 0x49, 0xf7, 0xdd, 0xc4, 0x62,
    0xc1, 0xad, 0x00, 0xc4, 0x01, 0x7b, 0x11, 0x04, 0x28, 0x48, 0x8d, 0x47, 0x01, 0x48, 0x83, 0xff,
    0x5f, 0x0f, 0x84, 0xb9, 0xfb, 0xff, 0xff, 0x48, 0xf7, 0xd8, 0x66, 0x0f, 0x1f, 0x44, 0x00, 0x00,
    0xc4, 0x41, 0x7b, 0x10, 0x04, 0xc3, 0xc4, 0x42, 0xc1, 0xad, 0x44, 0xc6, 0x08, 0xc4, 0x41, 0x7b,
    0x11, 0x44, 0xc6, 0x08, 0xc4, 0x41, 0x7b, 0x10, 0x44, 0xc3, 0xf8, 0xc4, 0x42, 0xc1, 0xad, 0x04,
    0xc6, 0xc4, 0x41, 0x7b, 0x11, 0x04, 0xc6, 0x48, 0x83, 0xc0, 0xfe, 0x48, 0x83, 0xf8, 0xa0, 0x75,
    0xcf, 0xe9, 0x7a, 0xfb, 0xff, 0xff, 0x48, 0x01, 0xef, 0x48, 0x89, 0xf8, 0x40, 0xf6, 0xc7, 0x01,
    0x0f, 0x85, 0x73, 0xff, 0xff, 0xff, 0xeb, 0xa5, 0x31, 0xc0, 0xeb, 0x11, 0x48, 0x8b, 0x84, 0x24,
    0xc0, 0x01, 0x00, 0x00, 0xc5, 0xfb, 0x11, 0x28, 0xb8, 0x01, 0x00, 0x00, 0x00, 0xc5, 0xf8, 0x28,
    0xb4, 0x24, 0xc0, 0x00, 0x00, 0x00, 0xc5, 0xf8, 0x28, 0xbc, 0x24, 0xd0, 0x00, 0x00, 0x00, 0xc5,
    0x78, 0x28, 0x84, 0x24, 0xe0, 0x00, 0x00, 0x00, 0xc5, 0x78, 0x28, 0x8c, 0x24, 0xf0, 0x00, 0x00,
    0x00, 0xc5, 0x78, 0x28, 0x94, 0x24, 0x00, 0x01, 0x00, 0x00, 0xc5, 0x78, 0x28, 0x9c, 0x24, 0x10,
    0x01, 0x00, 0x00, 0xc5, 0x78, 0x28, 0xa4, 0x24, 0x20, 0x01, 0x00, 0x00, 0xc5, 0x78, 0x28, 0xac,
    0x24, 0x30, 0x01, 0x00, 0x00, 0x48, 0x81, 0xc4, 0x48, 0x01, 0x00, 0x00, 0x5b, 0x5d, 0x5f, 0x5e,
    0x41, 0x5c, 0x41, 0x5d, 0x41, 0x5e, 0x41, 0x5f, 0xc5, 0xf8, 0x77, 0xc3, 0x0f, 0x1f, 0x40, 0x00,
    0x41, 0x57, 0x41, 0x56, 0x41, 0x55, 0x41, 0x54, 0x56, 0x57, 0x55, 0x53, 0x48, 0x81, 0xec, 0x08,
    0x01, 0x00, 0x00, 0xc5, 0x79, 0x29, 0x94, 0x24, 0xf0, 0x00, 0x00, 0x00, 0xc5, 0x79, 0x29, 0x8c,
    0x24, 0xe0, 0x00, 0x00, 0x00, 0xc5, 0x79, 0x29, 0x84, 0x24, 0xd0, 0x00, 0x00, 0x00, 0xc5, 0xf9,
    0x29, 0xbc, 0x24, 0xc0, 0x00, 0x00, 0x00, 0xc5, 0xf9, 0x29, 0xb4, 0x24, 0xb0, 0x00, 0x00, 0x00,
    0x4c, 0x89, 0x4c, 0x24, 0x08, 0x48, 0x89, 0x4c, 0x24, 0x40, 0x4c, 0x8b, 0xa4, 0x24, 0x80, 0x01,
    0x00, 0x00, 0x4d, 0x85, 0xe4, 0x0f, 0x84, 0x9e, 0x0e, 0x00, 0x00, 0xc5, 0xfb, 0x10, 0x84, 0x24,
    0x88, 0x01, 0x00, 0x00, 0x4c, 0x8b, 0xb4, 0x24, 0x78, 0x01, 0x00, 0x00, 0x48, 0x8b, 0xb4, 0x24,
    0x70, 0x01, 0x00, 0x00, 0x4c, 0x89, 0xe0, 0x48, 0x83, 0xe0, 0xf0, 0x4c, 0x89, 0xe1, 0x48, 0x83,
    0xe1, 0xfc, 0x49, 0x89, 0xc5, 0x49, 0xf7, 0xdd, 0x4c, 0x8d, 0x4e, 0xe8, 0x4e, 0x8d, 0x1c, 0xe5,
    0x00, 0x00, 0x00, 0x00, 0x4c, 0x89, 0x5c, 0x24, 0x30, 0x4c, 0x89, 0xdd, 0x48, 0xf7, 0xdd, 0x49,
    0x89, 0xca, 0x49, 0xf7, 0xda, 0x4d, 0x89, 0xe7, 0x49, 0xf7, 0xdf, 0x45, 0x31, 0xdb, 0xc5, 0xf1,
    0x57, 0xc9, 0xeb, 0x1e, 0x66, 0x66, 0x66, 0x2e, 0x0f, 0x1f, 0x84, 0x00, 0x00, 0x00, 0x00, 0x00,
    0x49, 0xff, 0xc3, 0x49, 0x01, 0xe9, 0x48, 0x01, 0xee, 0x4d, 0x39, 0xe3, 0x0f, 0x84, 0xa3, 0x00,
    0x00, 0x00, 0x49, 0x83, 0xfc, 0x04, 0x73, 0x08, 0x31, 0xff, 0xeb, 0x7f, 0x0f, 0x1f, 0x40, 0x00,
    0x49, 0x83, 0xfc, 0x10, 0x73, 0x0a, 0x31, 0xdb, 0xeb, 0x4b, 0x66, 0x0f, 0x1f, 0x44, 0x00, 0x00,
    0x31, 0xff, 0x66, 0x66, 0x66, 0x66, 0x66, 0x2e, 0x0f, 0x1f, 0x84, 0x00, 0x00, 0x00, 0x00, 0x00,
    0xc4, 0xc1, 0x7d, 0x11, 0x0c, 0xf9, 0xc4, 0xc1, 0x7d, 0x11, 0x4c, 0xf9, 0xe0, 0xc4, 0xc1, 0x7d,
    0x11, 0x4c, 0xf9, 0xc0, 0xc4, 0xc1, 0x7d, 0x11, 0x4c, 0xf9, 0xa0, 0x48, 0x83, 0xc7, 0xf0, 0x49,
    0x39, 0xfd, 0x75, 0xdc, 0x49, 0x39, 0xc4, 0x74, 0x97, 0x48, 0x89, 0xc3, 0x48, 0x89, 0xc7, 0x41,
    0xf6, 0xc4, 0x0c, 0x74, 0x26, 0x48, 0xf7, 0xdb, 0x0f, 0x1f, 0x84, 0x00, 0x00, 0x00, 0x00, 0x00,
    0xc4, 0xc1, 0x7d, 0x11, 0x0c, 0xd9, 0x48, 0x83, 0xc3, 0xfc, 0x49, 0x39, 0xda, 0x75, 0xf1, 0x48,
    0x89, 0xcf, 0x49, 0x39, 0xcc, 0x0f, 0x84, 0x65, 0xff, 0xff, 0xff, 0x48, 0xf7, 0xdf, 0x66, 0x90,
    0x48, 0xc7, 0x04, 0xfe, 0x00, 0x00, 0x00, 0x00, 0x48, 0xff, 0xcf, 0x49, 0x39, 0xff, 0x75, 0xf0,
    0xe9, 0x4b, 0xff, 0xff, 0xff, 0x48, 0x89, 0x6c, 0x24, 0x50, 0x48, 0x89, 0x94, 0x24, 0x88, 0x00,
    0x00, 0x00, 0x4c, 0x89, 0x7c, 0x24, 0x58, 0x4c, 0x89, 0x44, 0x24, 0x10, 0x4c, 0x89, 0xe0, 0x48,
    0xf7, 0xd0, 0x48, 0x89, 0x44, 0x24, 0x48, 0x4e, 0x8d, 0x3c, 0xf5, 0x00, 0x00, 0x00, 0x00, 0x4c,
    0x8b, 0x54, 0x24, 0x08, 0x4c, 0x89, 0xd0, 0x4c, 0x29, 0xf8, 0x49, 0xf7, 0xdf, 0x48, 0x83, 0xc0,
    0x08, 0x48, 0x89, 0x44, 0x24, 0x60, 0xb8, 0x01, 0x00, 0x00, 0x00, 0x4c, 0x29, 0xf0, 0x49, 0x0f,
    0xaf, 0xc4, 0x4c, 0x8b, 0x44, 0x24, 0x40, 0x49, 0x8d, 0x04, 0xc0, 0x48, 0x89, 0x84, 0x24, 0x98,
    0x00, 0x00, 0x00, 0x4b, 0x8d, 0x04, 0xf2, 0x48, 0x83, 0xc0, 0x08, 0x48, 0x89, 0x84, 0x24, 0x80,
    0x00, 0x00, 0x00, 0x4c, 0x89, 0xf1, 0x48, 0x83, 0xe1, 0xfc, 0x4c, 0x89, 0xf3, 0x48, 0x83, 0xe3,
    0xf0, 0x4a, 0x8d, 0x04, 0xe5, 0x00, 0x00, 0x00, 0x00, 0x48, 0x8d, 0x04, 0x40, 0x48, 0xf7, 0xd8,
    0x48, 0x89, 0x44, 0x24, 0x70, 0x4c, 0x89, 0xe0, 0x48, 0xc1, 0xe0, 0x05, 0x48, 0xf7, 0xd8, 0x48,
    0x89, 0x44, 0x24, 0x68, 0x49, 0xc1, 0xe4, 0x04, 0x49, 0xf7, 0xdc, 0x4c, 0x89, 0xa4, 0x24, 0x90,
    0x00, 0x00, 0x00, 0x49, 0x8d, 0x52, 0xe8, 0x48, 0x89, 0x4c, 0x24, 0x18, 0x48, 0x89, 0xc8, 0x48,
    0xf7, 0xd8, 0x4d, 0x89, 0xf4, 0x49, 0xf7, 0xdc, 0x48, 0x89, 0x5c, 0x24, 0x20, 0x48, 0xf7, 0xdb,
    0xc5, 0xf1, 0x57, 0xc9, 0xc5, 0xfb, 0x10, 0x15, 0x04, 0x0e, 0x00, 0x00, 0x4d, 0x89, 0xd1, 0x48,
    0x89, 0x54, 0x24, 0x78, 0x48, 0x89, 0xd1, 0x4c, 0x89, 0xd2, 0x4c, 0x89, 0x44, 0x24, 0x38, 0x45,
    0x31, 0xed, 0xeb, 0x32, 0x66, 0x66, 0x66, 0x2e, 0x0f, 0x1f, 0x84, 0x00, 0x00, 0x00, 0x00, 0x00,
    0x49, 0x8d, 0x55, 0x01, 0x48, 0x3b, 0x94, 0x24, 0x80, 0x01, 0x00, 0x00, 0x0f, 0x84, 0x57, 0x07,
    0x00, 0x00, 0x49, 0xff, 0xc5, 0x48, 0x83, 0x44, 0x24, 0x38, 0xf8, 0x4c, 0x01, 0xf9, 0x4d, 0x01,
    0xf9, 0x48, 0x8b, 0x54, 0x24, 0x08, 0x4d, 0x89, 0xf8, 0x4d, 0x0f, 0xaf, 0xc5, 0x4c, 0x8b, 0x54,
    0x24, 0x60, 0x4d, 0x01, 0xc2, 0x4c, 0x89, 0x54, 0x24, 0x28, 0x4e, 0x8d, 0x14, 0xed, 0x00, 0x00,
    0x00, 0x00, 0x4c, 0x8b, 0x5c, 0x24, 0x40, 0x4d, 0x29, 0xd3, 0x48, 0x8b, 0xbc, 0x24, 0x98, 0x00,
    0x00, 0x00, 0x4c, 0x29, 0xd7, 0x49, 0x39, 0xfb, 0x48, 0x89, 0xfe, 0x49, 0x0f, 0x47, 0xfb, 0x49,
    0x0f, 0x42, 0xf3, 0x4e, 0x8d, 0x14, 0x02, 0x49, 0x83, 0xc2, 0x08, 0x4c, 0x89, 0x94, 0x24, 0xa0,
    0x00, 0x00, 0x00, 0x4d, 0x85, 0xf6, 0x4c, 0x8b, 0x9c, 0x24, 0x90, 0x00, 0x00, 0x00, 0x0f, 0x84,
    0x2c, 0x01, 0x00, 0x00, 0x49, 0x83, 0xfe, 0x04, 0x72, 0x20, 0x48, 0x83, 0xc7, 0x08, 0x48, 0x39,
    0x7c, 0x24, 0x28, 0x0f, 0x83, 0xae, 0x00, 0x00, 0x00, 0x4e, 0x8d, 0x14, 0x02, 0x49, 0x83, 0xc2,
    0x08, 0x4c, 0x39, 0xd6, 0x0f, 0x83, 0x9d, 0x00, 0x00, 0x00, 0x31, 0xf6, 0x48, 0x89, 0xf7, 0x48,
    0x83, 0xcf, 0x01, 0x41, 0xf6, 0xc6, 0x01, 0x74, 0x38, 0x4d, 0x89, 0xea, 0x4d, 0x0f, 0xaf, 0xd6,
    0x49, 0x01, 0xf2, 0x48, 0x0f, 0xaf, 0xb4, 0x24, 0x80, 0x01, 0x00, 0x00, 0x4c, 0x01, 0xee, 0x48,
    0xc1, 0xe6, 0x03, 0x48, 0x8b, 0x6c, 0x24, 0x40, 0x48, 0x29, 0xf5, 0xc5, 0xfb, 0x10, 0x5d, 0x00,
    0x49, 0xc1, 0xe2, 0x03, 0x48, 0x89, 0xd6, 0x4c, 0x29, 0xd6, 0xc5, 0xfb, 0x11, 0x1e, 0x48, 0x89,
    0xfe, 0x49, 0x39, 0xfe, 0x0f, 0x84, 0xb6, 0x00, 0x00, 0x00, 0x48, 0x89, 0xf7, 0x48, 0xf7, 0xdf,
    0x48, 0x8b, 0x6c, 0x24, 0x50, 0x48, 0x0f, 0xaf, 0xee, 0x48, 0xf7, 0xd6, 0x48, 0x0f, 0xaf, 0x74,
    0x24, 0x30, 0x4c, 0x8b, 0x54, 0x24, 0x38, 0x66, 0x0f, 0x1f, 0x84, 0x00, 0x00, 0x00, 0x00, 0x00,
    0xc4, 0xc1, 0x7b, 0x10, 0x1c, 0x2a, 0xc4, 0xc1, 0x7b, 0x11, 0x1c, 0xf9, 0xc4, 0xc1, 0x7b, 0x10,
    0x1c, 0x32, 0xc4, 0xc1, 0x7b, 0x11, 0x5c, 0xf9, 0xf8, 0x48, 0x83, 0xc7, 0xfe, 0x4d, 0x01, 0xda,
    0x49, 0x39, 0xfc, 0x75, 0xdb, 0xeb, 0x69, 0x31, 0xf6, 0x48, 0x8b, 0x7c, 0x24, 0x38, 0x4c, 0x8b,
    0x54, 0x24, 0x50, 0x48, 0x8b, 0x6c, 0x24, 0x70, 0x4c, 0x89, 0xda, 0x4c, 0x8b, 0x5c, 0x24, 0x68,
    0xc5, 0xfb, 0x10, 0x1c, 0x2f, 0xc5, 0xe1, 0x16, 0x1c, 0x17, 0xc4, 0xa1, 0x7b, 0x10, 0x24, 0x17,
    0xc5, 0xd9, 0x16, 0x27, 0xc5, 0xf9, 0x11, 0x64, 0xf1, 0x10, 0xc5, 0xf9, 0x11, 0x1c, 0xf1, 0x4c,
    0x01, 0xdf, 0x48, 0x83, 0xc6, 0xfc, 0x48, 0x39, 0xf0, 0x75, 0xd5, 0x4c, 0x8b, 0x54, 0x24, 0x18,
    0x4c, 0x89, 0xd6, 0x4d, 0x39, 0xd6, 0x49, 0x89, 0xd3, 0x48, 0x8b, 0x54, 0x24, 0x08, 0x0f, 0x85,
    0x08, 0xff, 0xff, 0xff, 0x66, 0x66, 0x66, 0x2e, 0x0f, 0x1f, 0x84, 0x00, 0x00, 0x00, 0x00, 0x00,
    0x4d, 0x85, 0xed, 0x0f, 0x84, 0x97, 0x03, 0x00, 0x00, 0x4c, 0x03, 0x84, 0x24, 0x80, 0x00, 0x00,
    0x00, 0x4d, 0x85, 0xff, 0x41, 0x0f, 0x98, 0xc2, 0x4c, 0x89, 0xea, 0x49, 0x0f, 0xaf, 0xd6, 0x48,
    0x89, 0x94, 0x24, 0xa8, 0x00, 0x00, 0x00, 0x4c, 0x39, 0x44, 0x24, 0x28, 0x40, 0x0f, 0x92, 0xc6,
    0x48, 0x8b, 0x94, 0x24, 0xa0, 0x00, 0x00, 0x00, 0x48, 0x39, 0x54, 0x24, 0x60, 0x0f, 0x92, 0xc2,
    0x40, 0x20, 0xf2, 0x44, 0x08, 0xd2, 0x88, 0x54, 0x24, 0x28, 0x4c, 0x8b, 0x5c, 0x24, 0x08, 0x4c,
    0x8b, 0x54, 0x24, 0x78, 0x31, 0xf6, 0xeb, 0x40, 0x0f, 0x1f, 0x84, 0x00, 0x00, 0x00, 0x00, 0x00,
    0x48, 0x89, 0xf7, 0x48, 0x0f, 0xaf, 0xbc, 0x24, 0x80, 0x01, 0x00, 0x00, 0x4c, 0x01, 0xef, 0x48,
    0xc1, 0xe7, 0x03, 0x48, 0x8b, 0xac, 0x24, 0x70, 0x01, 0x00, 0x00, 0x48, 0x29, 0xfd, 0x48, 0xc7,
    0x45, 0x00, 0x00, 0x00, 0x00, 0x00, 0x48, 0xff, 0xc6, 0x4d, 0x01, 0xfa, 0x4d, 0x01, 0xfb, 0x4c,
    0x39, 0xee, 0x0f, 0x84, 0x08, 0x03, 0x00, 0x00, 0x4d, 0x85, 0xf6, 0x74, 0xc3, 0x49, 0x83, 0xfe,
    0x04, 0x73, 0x0d, 0xc5, 0xe1, 0x57, 0xdb, 0x31, 0xed, 0xe9, 0x10, 0x01, 0x00, 0x00, 0x66, 0x90,
    0x49, 0x83, 0xfe, 0x10, 0x73, 0x0b, 0xc5, 0xe1, 0x57, 0xdb, 0x31, 0xff, 0xe9, 0xb4, 0x00, 0x00,
    0x00, 0xc5, 0xe1, 0x57, 0xdb, 0x31, 0xed, 0xc5, 0xd9, 0x57, 0xe4, 0xc5, 0xd1, 0x57, 0xed, 0xc5,
    0xc9, 0x57, 0xf6, 0x66, 0x66, 0x66, 0x66, 0x2e, 0x0f, 0x1f, 0x84, 0x00, 0x00, 0x00, 0x00, 0x00,
    0xc5, 0xfd, 0x10, 0x7c, 0xe9, 0xa0, 0xc5, 0x7d, 0x10, 0x44, 0xe9, 0xc0, 0xc5, 0x7d, 0x10, 0x4c,
    0xe9, 0xe0, 0xc5, 0x7d, 0x10, 0x14, 0xe9, 0xc4, 0x41, 0x2d, 0x59, 0x14, 0xea, 0xc4, 0x43, 0xfd,
    0x01, 0xd2, 0x1b, 0xc5, 0xad, 0x58, 0xdb, 0xc4, 0x41, 0x35, 0x59, 0x4c, 0xea, 0xe0, 0xc4, 0x43,
    0xfd, 0x01, 0xc9, 0x1b, 0xc5, 0xb5, 0x58, 0xe4, 0xc4, 0x41, 0x3d, 0x59, 0x44, 0xea, 0xc0, 0xc4,
    0x43, 0xfd, 0x01, 0xc0, 0x1b, 0xc5, 0xbd, 0x58, 0xed, 0xc4, 0xc1, 0x45, 0x59, 0x7c, 0xea, 0xa0,
    0xc4, 0xe3, 0xfd, 0x01, 0xff, 0x1b, 0xc5, 0xc5, 0x58, 0xf6, 0x48, 0x83, 0xc5, 0xf0, 0x48, 0x39,
    0xeb, 0x75, 0x9d, 0xc5, 0xdd, 0x58, 0xdb, 0xc5, 0xd5, 0x58, 0xdb, 0xc5, 0xcd, 0x58, 0xdb, 0xc4,
    0xe3, 0x7d, 0x19, 0xdc, 0x01, 0xc5, 0xe1, 0x58, 0xdc, 0xc5, 0xe1, 0xc6, 0xe3, 0x01, 0xc5, 0xe3,
    0x58, 0xdc, 0x48, 0x8b, 0x6c, 0x24, 0x20, 0x49, 0x39, 0xee, 0x74, 0x78, 0x48, 0x89, 0xef, 0x41,
    0xf6, 0xc6, 0x0c, 0x74, 0x49, 0xc5, 0xfa, 0x7e, 0xdb, 0x48, 0xf7, 0xdf, 0x0f, 0x1f, 0x40, 0x00,
    0xc5, 0xfd, 0x10, 0x24, 0xf9, 0xc4, 0xc1, 0x5d, 0x59, 0x24, 0xfa, 0xc4, 0xe3, 0xfd, 0x01, 0xe4,
    0x1b, 0xc5, 0xdd, 0x58, 0xdb, 0x48, 0x83, 0xc7, 0xfc, 0x48, 0x39, 0xf8, 0x75, 0xe2, 0xc4, 0xe3,
    0x7d, 0x19, 0xdc, 0x01, 0xc5, 0xe1, 0x58, 0xdc, 0xc5, 0xe1, 0xc6, 0xe3, 0x01, 0xc5, 0xe3, 0x58,
    0xdc, 0x48, 0x8b, 0x54, 0x24, 0x18, 0x48, 0x89, 0xd5, 0x49, 0x39, 0xd6, 0x74, 0x26, 0x48, 0xf7,
    0xdd, 0x66, 0x66, 0x66, 0x66, 0x66, 0x66, 0x2e, 0x0f, 0x1f, 0x84, 0x00, 0x00, 0x00, 0x00, 0x00,
    0xc4, 0xc1, 0x7b, 0x10, 0x24, 0xe9, 0xc4, 0xc2, 0xd9, 0xb9, 0x1c, 0xeb, 0x48, 0xff, 0xcd, 0x49,
    0x39, 0xec, 0x75, 0xec, 0x49, 0x83, 0xfe, 0x04, 0x40, 0x0f, 0x92, 0xc7, 0x48, 0x89, 0xf5, 0x48,
    0x0f, 0xaf, 0xac, 0x24, 0x80, 0x01, 0x00, 0x00, 0x4c, 0x01, 0xed, 0x48, 0xc1, 0xe5, 0x03, 0x4c,
    0x8b, 0x84, 0x24, 0x70, 0x01, 0x00, 0x00, 0x49, 0x29, 0xe8, 0xc4, 0xc1, 0x7b, 0x11, 0x18, 0x40,
    0x0a, 0x7c, 0x24, 0x28, 0x40, 0xf6, 0xc7, 0x01, 0x74, 0x16, 0x31, 0xed, 0xe9, 0xda, 0x00, 0x00,
    0x00, 0x66, 0x66, 0x66, 0x66, 0x66, 0x66, 0x2e, 0x0f, 0x1f, 0x84, 0x00, 0x00, 0x00, 0x00, 0x00,
    0x49, 0x83, 0xfe, 0x10, 0x73, 0x07, 0x31, 0xff, 0xe9, 0x80, 0x00, 0x00, 0x00, 0xc4, 0xe2, 0x7d,
    0x19, 0xe3, 0x31, 0xff, 0x48, 0x8b, 0x54, 0x24, 0x20, 0x0f, 0x1f, 0x80, 0x00, 0x00, 0x00, 0x00,
    0xc4, 0xc1, 0x7d, 0x10, 0x6c, 0xfa, 0xa0, 0xc4, 0xc1, 0x7d, 0x10, 0x74, 0xfa, 0xc0, 0xc4, 0xc1,
    0x7d, 0x10, 0x7c, 0xfa, 0xe0, 0xc4, 0x41, 0x7d, 0x10, 0x04, 0xfa, 0xc4, 0x62, 0xdd, 0xac, 0x04,
    0xf9, 0xc4, 0xe2, 0xdd, 0xac, 0x7c, 0xf9, 0xe0, 0xc4, 0xe2, 0xdd, 0xac, 0x74, 0xf9, 0xc0, 0xc4,
    0xe2, 0xdd, 0xac, 0x6c, 0xf9, 0xa0, 0xc5, 0x7d, 0x11, 0x04, 0xf9, 0xc5, 0xfd, 0x11, 0x7c, 0xf9,
    0xe0, 0xc5, 0xfd, 0x11, 0x74, 0xf9, 0xc0, 0xc5, 0xfd, 0x11, 0x6c, 0xf9, 0xa0, 0x48, 0x83, 0xc7,
    0xf0, 0x48, 0x39, 0xfb, 0x75, 0xaa, 0x49, 0x39, 0xd6, 0x0f, 0x84, 0xd7, 0xfd, 0xff, 0xff, 0x48,
    0x8b, 0x6c, 0x24, 0x20, 0x48, 0x89, 0xef, 0x41, 0xf6, 0xc6, 0x0c, 0x74, 0x3e, 0xc4, 0xe2, 0x7d,
    0x19, 0xe3, 0x48, 0xf7, 0xdf, 0x66, 0x66, 0x2e, 0x0f, 0x1f, 0x84, 0x00, 0x00, 0x00, 0x00, 0x00,
    0xc4, 0xc1, 0x7d, 0x10, 0x2c, 0xfa, 0xc4, 0xe2, 0xdd, 0xac, 0x2c, 0xf9, 0xc5, 0xfd, 0x11, 0x2c,
    0xf9, 0x48, 0x83, 0xc7, 0xfc, 0x48, 0x39, 0xf8, 0x75, 0xe6, 0x48, 0x8b, 0x54, 0x24, 0x18, 0x48,
    0x89, 0xd5, 0x49, 0x39, 0xd6, 0x0f, 0x84, 0x8b, 0xfd, 0xff, 0xff, 0x48, 0x89, 0xef, 0x48, 0x83,
    0xcf, 0x01, 0x41, 0xf6, 0xc6, 0x01, 0x74, 0x3e, 0x49, 0x89, 0xf0, 0x4d, 0x0f, 0xaf, 0xc6, 0x49,
    0x01, 0xe8, 0x49, 0xc1, 0xe0, 0x03, 0x49, 0xf7, 0xd8, 0x48, 0x8b, 0x54, 0x24, 0x08, 0xc4, 0xa1,
    0x7b, 0x10, 0x24, 0x02, 0x48, 0x03, 0xac, 0x24, 0xa8, 0x00, 0x00, 0x00, 0x48, 0xc1, 0xe5, 0x03,
    0x49, 0x89, 0xd0, 0x49, 0x29, 0xe8, 0x48, 0xf7, 0xdd, 0xc4, 0xc2, 0xe1, 0xad, 0x20, 0xc5, 0xfb,
    0x11, 0x24, 0x2a, 0x48, 0x89, 0xfd, 0x49, 0x39, 0xfe, 0x0f, 0x84, 0x37, 0xfd, 0xff, 0xff, 0x48,
    0xf7, 0xdd, 0x66, 0x66, 0x66, 0x66, 0x66, 0x2e, 0x0f, 0x1f, 0x84, 0x00, 0x00, 0x00, 0x00, 0x00,
    0xc4, 0xc1, 0x7b, 0x10, 0x24, 0xeb, 0xc4, 0xc2, 0xe1, 0xad, 0x24, 0xe9, 0xc4, 0xc1, 0x7b, 0x11,
    0x24, 0xe9, 0xc4, 0xc1, 0x7b, 0x10, 0x64, 0xeb, 0xf8, 0xc4, 0xc2, 0xe1, 0xad, 0x64, 0xe9, 0xf8,
    0xc4, 0xc1, 0x7b, 0x11, 0x64, 0xe9, 0xf8, 0x48, 0x83, 0xc5, 0xfe, 0x49, 0x39, 0xec, 0x75, 0xd0,
    0xe9, 0xf1, 0xfc, 0xff, 0xff, 0x66, 0x66, 0x2e, 0x0f, 0x1f, 0x84, 0x00, 0x00, 0x00, 0x00, 0x00,
    0x4d, 0x85, 0xf6, 0x74, 0x1b, 0x49, 0x83, 0xfe, 0x04, 0x48, 0x8b, 0xac, 0x24, 0x88, 0x00, 0x00,
    0x00, 0x73, 0x4d, 0xc5, 0xe1, 0x57, 0xdb, 0x45, 0x31, 0xc0, 0xe9, 0x4e, 0x01, 0x00, 0x00, 0x90,
    0xc5, 0xf9, 0x2e, 0xc1, 0x0f, 0x83, 0x16, 0x07, 0x00, 0x00, 0x4c, 0x89, 0xea, 0x48, 0x0f, 0xaf,
    0x54, 0x24, 0x48, 0x4c, 0x8b, 0x84, 0x24, 0x70, 0x01, 0x00, 0x00, 0x49, 0xc7, 0x04, 0xd0, 0x00,
    0x00, 0x00, 0x00, 0x49, 0x8d, 0x55, 0x01, 0x48, 0x3b, 0x94, 0x24, 0x80, 0x01, 0x00, 0x00, 0x0f,
    0x85, 0x6d, 0xfa, 0xff, 0xff, 0xe9, 0x7f, 0x03, 0x00, 0x00, 0x66, 0x0f, 0x1f, 0x44, 0x00, 0x00,
    0x49, 0x83, 0xfe, 0x10, 0x73, 0x0c, 0xc5, 0xe1, 0x57, 0xdb, 0x45, 0x31, 0xd2, 0xe9, 0xaf, 0x00,
    0x00, 0x00, 0xc5, 0xe1, 0x57, 0xdb, 0x45, 0x31, 0xc0, 0xc5, 0xd9, 0x57, 0xe4, 0xc5, 0xd1, 0x57,
    0xed, 0xc5, 0xc9, 0x57, 0xf6, 0x66, 0x66, 0x2e, 0x0f, 0x1f, 0x84, 0x00, 0x00, 0x00, 0x00, 0x00,
    0xc4, 0xa1, 0x7d, 0x10, 0x7c, 0xc1, 0xa0, 0xc4, 0x21, 0x7d, 0x10, 0x44, 0xc1, 0xc0, 0xc4, 0x21,
    0x7d, 0x10, 0x4c, 0xc1, 0xe0, 0xc4, 0x21, 0x7d, 0x10, 0x14, 0xc1, 0xc4, 0x41, 0x2d, 0x59, 0xd2,
    0xc4, 0x43, 0xfd, 0x01, 0xd2, 0x1b, 0xc5, 0xad, 0x58, 0xdb, 0xc4, 0x41, 0x35, 0x59, 0xc9, 0xc4,
    0x43, 0xfd, 0x01, 0xc9, 0x1b, 0xc5, 0xb5, 0x58, 0xe4, 0xc4, 0x41, 0x3d, 0x59, 0xc0, 0xc4, 0x43,
    0xfd, 0x01, 0xc0, 0x1b, 0xc5, 0xbd, 0x58, 0xed, 0xc5, 0xc5, 0x59, 0xff, 0xc4, 0xe3, 0xfd, 0x01,
    0xff, 0x1b, 0xc5, 0xc5, 0x58, 0xf6, 0x49, 0x83, 0xc0, 0xf0, 0x4c, 0x39, 0xc3, 0x75, 0xa1, 0xc5,
    0xdd, 0x58, 0xdb, 0xc5, 0xd5, 0x58, 0xdb, 0xc5, 0xcd, 0x58, 0xdb, 0xc4, 0xe3, 0x7d, 0x19, 0xdc,
    0x01, 0xc5, 0xe1, 0x58, 0xdc, 0xc5, 0xe1, 0xc6, 0xe3, 0x01, 0xc5, 0xe3, 0x58, 0xdc, 0x4c, 0x8b,
    0x44, 0x24, 0x20, 0x4d, 0x39, 0xc6, 0x74, 0x6b, 0x4d, 0x89, 0xc2, 0x41, 0xf6, 0xc6, 0x0c, 0x74,
    0x4c, 0xc5, 0xfa, 0x7e, 0xdb, 0x49, 0xf7, 0xda, 0x0f, 0x1f, 0x84, 0x00, 0x00, 0x00, 0x00, 0x00,
    0xc4, 0xa1, 0x7d, 0x10, 0x24, 0xd1, 0xc5, 0xdd, 0x59, 0xe4, 0xc4, 0xe3, 0xfd, 0x01, 0xe4, 0x1b,
    0xc5, 0xdd, 0x58, 0xdb, 0x49, 0x83, 0xc2, 0xfc, 0x4c, 0x39, 0xd0, 0x75, 0xe3, 0xc4, 0xe3, 0x7d,
    0x19, 0xdc, 0x01, 0xc5, 0xe1, 0x58, 0xdc, 0xc5, 0xe1, 0xc6, 0xe3, 0x01, 0xc5, 0xe3, 0x58, 0xdc,
    0x48, 0x8b, 0x54, 0x24, 0x18, 0x49, 0x89, 0xd0, 0x49, 0x39, 0xd6, 0x74, 0x16, 0x49, 0xf7, 0xd8,
    0xc4, 0x81, 0x7b, 0x10, 0x24, 0xc1, 0xc4, 0xe2, 0xd9, 0xb9, 0xdc, 0x49, 0xff, 0xc8, 0x4d, 0x39,
    0xc4, 0x75, 0xed, 0xc5, 0xe3, 0x51, 0xdb, 0xc5, 0xf9, 0x2e, 0xd8, 0x0f, 0x86, 0xaf, 0x05, 0x00,
    0x00, 0x4c, 0x89, 0xea, 0x48, 0x0f, 0xaf, 0x54, 0x24, 0x48, 0x4c, 0x8b, 0x84, 0x24, 0x70, 0x01,
    0x00, 0x00, 0xc4, 0xc1, 0x7b, 0x11, 0x1c, 0xd0, 0x49, 0x83, 0xfe, 0x04, 0x73, 0x12, 0x45, 0x31,
    0xc0, 0xeb, 0x43, 0x66, 0x66, 0x66, 0x66, 0x2e, 0x0f, 0x1f, 0x84, 0x00, 0x00, 0x00, 0x00, 0x00,
    0xc5, 0xeb, 0x5e, 0xe3, 0xc4, 0xe2, 0x7d, 0x19, 0xe4, 0x45, 0x31, 0xc0, 0x0f, 0x1f, 0x40, 0x00,
    0xc4, 0xa1, 0x5d, 0x59, 0x2c, 0xc1, 0xc4, 0xa1, 0x7d, 0x11, 0x2c, 0xc1, 0x49, 0x83, 0xc0, 0xfc,
    0x4c, 0x39, 0xc0, 0x75, 0xeb, 0x48, 0x8b, 0x54, 0x24, 0x18, 0x49, 0x89, 0xd0, 0x49, 0x39, 0xd6,
    0x0f, 0x84, 0xba, 0xf8, 0xff, 0xff, 0xc5, 0xeb, 0x5e, 0xdb, 0x49, 0xf7, 0xd8, 0x0f, 0x1f, 0x00,
    0xc4, 0x81, 0x63, 0x59, 0x24, 0xc1, 0xc4, 0x81, 0x7b, 0x11, 0x24, 0xc1, 0x49, 0xff, 0xc8, 0x4d,
    0x39, 0xc4, 0x75, 0xec, 0xe9, 0x97, 0xf8, 0xff, 0xff, 0x4c, 0x89, 0xf0, 0x48, 0x83, 0xe0, 0xf0,
    0x4c, 0x89, 0xf1, 0x48, 0x83, 0xe1, 0xfc, 0x49, 0x89, 0xc0, 0x49, 0xf7, 0xd8, 0x48, 0x8b, 0x54,
    0x24, 0x08, 0x4c, 0x8d, 0x4a, 0xe8, 0x49, 0x89, 0xca, 0x49, 0xf7, 0xda, 0x45, 0x31, 0xdb, 0x4c,
    0x8b, 0x6c, 0x24, 0x10, 0xeb, 0x33, 0x66, 0x2e, 0x0f, 0x1f, 0x84, 0x00, 0x00, 0x00, 0x00, 0x00,
    0x4a, 0x8d, 0x34, 0xdd, 0x00, 0x00, 0x00, 0x00, 0x4c, 0x89, 0xef, 0x48, 0x29, 0xf7, 0xc5, 0xfb,
    0x11, 0x0f, 0x49, 0xff, 0xc3, 0x4d, 0x01, 0xf9, 0x4c, 0x01, 0xfa, 0x4c, 0x3b, 0x9c, 0x24, 0x80,
    0x01, 0x00, 0x00, 0x0f, 0x84, 0x48, 0x02, 0x00, 0x00, 0x49, 0x83, 0xfe, 0x04, 0x73, 0x11, 0xc5,
    0xf1, 0x57, 0xc9, 0x31, 0xf6, 0xe9, 0x24, 0x01, 0x00, 0x00, 0x66, 0x0f, 0x1f, 0x44, 0x00, 0x00,
    0x49, 0x83, 0xfe, 0x10, 0x73, 0x1a, 0xc5, 0xf1, 0x57, 0xc9, 0x31, 0xdb, 0xe9, 0xc7, 0x00, 0x00,
    0x00, 0x66, 0x66, 0x66, 0x66, 0x66, 0x66, 0x2e, 0x0f, 0x1f, 0x84, 0x00, 0x00, 0x00, 0x00, 0x00,
    0xc5, 0xf1, 0x57, 0xc9, 0x31, 0xf6, 0xc5, 0xe9, 0x57, 0xd2, 0xc5, 0xe1, 0x57, 0xdb, 0xc5, 0xd9,
    0x57, 0xe4, 0x66, 0x66, 0x66, 0x66, 0x66, 0x2e, 0x0f, 0x1f, 0x84, 0x00, 0x00, 0x00, 0x00, 0x00,
    0xc5, 0xfd, 0x10, 0x6c, 0xf5, 0x88, 0xc5, 0xfd, 0x10, 0x74, 0xf5, 0xa8, 0xc5, 0xfd, 0x10, 0x7c,
    0xf5, 0xc8, 0xc5, 0x7d, 0x10, 0x44, 0xf5, 0xe8, 0xc4, 0x41, 0x3d, 0x59, 0x04, 0xf1, 0xc4, 0x43,
    0xfd, 0x01, 0xc0, 0x1b, 0xc5, 0xbd, 0x58, 0xc9, 0xc4, 0xc1, 0x45, 0x59, 0x7c, 0xf1, 0xe0, 0xc4,
    0xe3, 0xfd, 0x01, 0xff, 0x1b, 0xc5, 0xc5, 0x58, 0xd2, 0xc4, 0xc1, 0x4d, 0x59, 0x74, 0xf1, 0xc0,
    0xc4, 0xe3, 0xfd, 0x01, 0xf6, 0x1b, 0xc5, 0xcd, 0x58, 0xdb, 0xc4, 0xc1, 0x55, 0x59, 0x6c, 0xf1,
    0xa0, 0xc4, 0xe3, 0xfd, 0x01, 0xed, 0x1b, 0xc5, 0xd5, 0x58, 0xe4, 0x48, 0x83, 0xc6, 0xf0, 0x49,
    0x39, 0xf0, 0x75, 0x9c, 0xc5, 0xed, 0x58, 0xc9, 0xc5, 0xe5, 0x58, 0xc9, 0xc5, 0xdd, 0x58, 0xc9,
    0xc4, 0xe3, 0x7d, 0x19, 0xca, 0x01, 0xc5, 0xf1, 0x58, 0xca, 0xc5, 0xf1, 0xc6, 0xd1, 0x01, 0xc5,
    0xf3, 0x58, 0xca, 0x49, 0x39, 0xc6, 0x0f, 0x84, 0xf4, 0xfe, 0xff, 0xff, 0x48, 0x89, 0xc3, 0x48,
    0x89, 0xc6, 0x41, 0xf6, 0xc6, 0x0c, 0x74, 0x46, 0xc5, 0xfa, 0x7e, 0xc9, 0x48, 0xf7, 0xdb, 0x90,
    0xc5, 0xfd, 0x10, 0x54, 0xdd, 0xe8, 0xc4, 0xc1, 0x6d, 0x59, 0x14, 0xd9, 0xc4, 0xe3, 0xfd, 0x01,
    0xd2, 0x1b, 0xc5, 0xed, 0x58, 0xc9, 0x48, 0x83, 0xc3, 0xfc, 0x49, 0x39, 0xda, 0x75, 0xe1, 0xc4,
    0xe3, 0x7d, 0x19, 0xca, 0x01, 0xc5, 0xf1, 0x58, 0xca, 0xc5, 0xf1, 0xc6, 0xd1, 0x01, 0xc5, 0xf3,
    0x58, 0xca, 0x48, 0x89, 0xce, 0x49, 0x39, 0xce, 0x0f, 0x84, 0xa2, 0xfe, 0xff, 0xff, 0x48, 0xf7,
    0xde, 0x66, 0x66, 0x66, 0x66, 0x66, 0x66, 0x2e, 0x0f, 0x1f, 0x84, 0x00, 0x00, 0x00, 0x00, 0x00,
    0xc5, 0xfb, 0x10, 0x54, 0xf5, 0x00, 0xc4, 0xe2, 0xe9, 0xb9, 0x0c, 0xf2, 0x48, 0xff, 0xce, 0x49,
    0x39, 0xf4, 0x75, 0xec, 0xe9, 0x77, 0xfe, 0xff, 0xff, 0x4c, 0x8b, 0x84, 0x24, 0x80, 0x01, 0x00,
    0x00, 0x49, 0x83, 0xf8, 0x04, 0x73, 0x0c, 0x31, 0xc0, 0x4c, 0x8b, 0x6c, 0x24, 0x10, 0xe9, 0xa2,
    0x00, 0x00, 0x00, 0x49, 0x83, 0xf8, 0x10, 0x4c, 0x8b, 0x6c, 0x24, 0x10, 0x73, 0x04, 0x31, 0xc0,
    0xeb, 0x55, 0x4c, 0x89, 0xc0, 0x48, 0x83, 0xe0, 0xf0, 0x48, 0x89, 0xc1, 0x48, 0xf7, 0xd9, 0x31,
    0xd2, 0xc5, 0xf1, 0x57, 0xc9, 0x66, 0x66, 0x2e, 0x0f, 0x1f, 0x84, 0x00, 0x00, 0x00, 0x00, 0x00,
    0xc4, 0xc1, 0x7d, 0x11, 0x4c, 0xd5, 0xe8, 0xc4, 0xc1, 0x7d, 0x11, 0x4c, 0xd5, 0xc8, 0xc4, 0xc1,
    0x7d, 0x11, 0x4c, 0xd5, 0xa8, 0xc4, 0xc1, 0x7d, 0x11, 0x4c, 0xd5, 0x88, 0x48, 0x83, 0xc2, 0xf0,
    0x48, 0x39, 0xd1, 0x75, 0xdb, 0x49, 0x39, 0xc0, 0x74, 0x77, 0x48, 0x8b, 0x8c, 0x24, 0x80, 0x01,
    0x00, 0x00, 0xf6, 0xc1, 0x0c, 0x74, 0x3e, 0x48, 0x89, 0xc1, 0x4c, 0x8b, 0x84, 0x24, 0x80, 0x01,
    0x00, 0x00, 0x4c, 0x89, 0xc0, 0x48, 0x83, 0xe0, 0xfc, 0x48, 0x89, 0xc2, 0x48, 0xf7, 0xda, 0x48,
    0xf7, 0xd9, 0xc5, 0xf1, 0x57, 0xc9, 0x66, 0x2e, 0x0f, 0x1f, 0x84, 0x00, 0x00, 0x00, 0x00, 0x00,
    0xc4, 0xc1, 0x7d, 0x11, 0x4c, 0xcd, 0xe8, 0x48, 0x83, 0xc1, 0xfc, 0x48, 0x39, 0xca, 0x75, 0xf0,
    0x49, 0x39, 0xc0, 0x74, 0x2c, 0x48, 0x8b, 0x8c, 0x24, 0x80, 0x01, 0x00, 0x00, 0x48, 0xf7, 0xd9,
    0x48, 0xf7, 0xd8, 0x66, 0x66, 0x66, 0x66, 0x2e, 0x0f, 0x1f, 0x84, 0x00, 0x00, 0x00, 0x00, 0x00,
    0x49, 0xc7, 0x44, 0xc5, 0x00, 0x00, 0x00, 0x00, 0x00, 0x48, 0xff, 0xc8, 0x48, 0x39, 0xc1, 0x75,
    0xef, 0x4c, 0x8b, 0xa4, 0x24, 0x80, 0x01, 0x00, 0x00, 0x49, 0x8d, 0x44, 0x24, 0x01, 0x4c, 0x89,
    0xe9, 0x48, 0x2b, 0x4c, 0x24, 0x30, 0x48, 0x83, 0xc1, 0xe8, 0x4c, 0x89, 0xe2, 0x49, 0x0f, 0xaf,
    0xd4, 0x48, 0xc1, 0xe2, 0x03, 0x48, 0xf7, 0xda, 0x4c, 0x8b, 0x8c, 0x24, 0x70, 0x01, 0x00, 0x00,
    0x4c, 0x01, 0xca, 0x48, 0x83, 0xc2, 0xe8, 0x4e, 0x8d, 0x04, 0xe5, 0x08, 0x00, 0x00, 0x00, 0x4d,
    0x8d, 0x54, 0x24, 0xff, 0x4d, 0x0f, 0xaf, 0xd4, 0x49, 0xc1, 0xe2, 0x03, 0x4d, 0x29, 0xd1, 0xc5,
    0xfb, 0x12, 0x0d, 0x81, 0x03, 0x00, 0x00, 0x49, 0x89, 0xc2, 0x45, 0x31, 0xdb, 0x0f, 0x1f, 0x00,
    0x4d, 0x39, 0xd4, 0x4d, 0x89, 0xd7, 0x4d, 0x0f, 0x47, 0xfc, 0x49, 0x89, 0xc6, 0x4d, 0x29, 0xde,
    0x4d, 0x39, 0xf4, 0x4d, 0x0f, 0x47, 0xf4, 0x4c, 0x89, 0xde, 0x48, 0xf7, 0xd6, 0x4c, 0x01, 0xe6,
    0x48, 0x8d, 0x3c, 0xf5, 0x00, 0x00, 0x00, 0x00, 0x4c, 0x89, 0xeb, 0x48, 0x29, 0xfb, 0xc5, 0xfa,
    0x7e, 0x13, 0x4d, 0x85, 0xdb, 0x0f, 0x84, 0x7e, 0x01, 0x00, 0x00, 0x4c, 0x89, 0xdf, 0x4c, 0x29,
    0xe7, 0x49, 0x01, 0xfe, 0x4c, 0x89, 0xe3, 0x4c, 0x29, 0xdb, 0x49, 0x83, 0xfe, 0x04, 0x0f, 0x82,
    0x3b, 0x01, 0x00, 0x00, 0x4c, 0x03, 0x7c, 0x24, 0x58, 0x49, 0x83, 0xfe, 0x10, 0x73, 0x08, 0x45,
    0x31, 0xe4, 0xe9, 0xcf, 0x00, 0x00, 0x00, 0x4d, 0x89, 0xfd, 0x49, 0x83, 0xe5, 0xf0, 0x49, 0xf7,
    0xdd, 0x4d, 0x89, 0xf4, 0x49, 0x83, 0xe4, 0xf0, 0xc5, 0xfa, 0x7e, 0xd2, 0xc5, 0xe1, 0x57, 0xdb,
    0x31, 0xed, 0xc5, 0xd9, 0x57, 0xe4, 0xc5, 0xd1, 0x57, 0xed, 0x66, 0x0f, 0x1f, 0x44, 0x00, 0x00,
    0xc5, 0xfd, 0x10, 0x74, 0xe9, 0xa0, 0xc5, 0xfd, 0x10, 0x7c, 0xe9, 0xc0, 0xc5, 0x7d, 0x10, 0x44,
    0xe9, 0xe0, 0xc5, 0x7d, 0x10, 0x0c, 0xe9, 0xc5, 0x35, 0x59, 0x0c, 0xea, 0xc4, 0x43, 0xfd, 0x01,
    0xc9, 0x1b, 0xc4, 0xc1, 0x6d, 0x5c, 0xd1, 0xc5, 0x3d, 0x59, 0x44, 0xea, 0xe0, 0xc4, 0x43, 0xfd,
    0x01, 0xc0, 0x1b, 0xc4, 0xc1, 0x65, 0x5c, 0xd8, 0xc5, 0xc5, 0x59, 0x7c, 0xea, 0xc0, 0xc4, 0xe3,
    0xfd, 0x01, 0xff, 0x1b, 0xc5, 0xdd, 0x5c, 0xe7, 0xc5, 0xcd, 0x59, 0x74, 0xea, 0xa0, 0xc4, 0xe3,
    0xfd, 0x01, 0xf6, 0x1b, 0xc5, 0xd5, 0x5c, 0xee, 0x48, 0x83, 0xc5, 0xf0, 0x49, 0x39, 0xed, 0x75,
    0x9f, 0xc5, 0xe5, 0x58, 0xd2, 0xc5, 0xd5, 0x58, 0xdc, 0xc5, 0xe5, 0x58, 0xd2, 0xc4, 0xe3, 0x7d,
    0x19, 0xd3, 0x01, 0xc5, 0xe9, 0x58, 0xd3, 0xc5, 0xe9, 0xc6, 0xda, 0x01, 0xc5, 0xeb, 0x58, 0xd3,
    0x4d, 0x39, 0xe6, 0x75, 0x12, 0x4c, 0x8b, 0x6c, 0x24, 0x10, 0x4c, 0x8b, 0xa4, 0x24, 0x80, 0x01,
    0x00, 0x00, 0xe9, 0x92, 0x00, 0x00, 0x00, 0x41, 0xf6, 0xc6, 0x0c, 0x4c, 0x8b, 0x6c, 0x24, 0x10,
    0x0f, 0x84, 0xd3, 0x00, 0x00, 0x00, 0x49, 0x83, 0xe7, 0xfc, 0x49, 0xf7, 0xdf, 0x4c, 0x89, 0xf7,
    0x48, 0x83, 0xe7, 0xfc, 0x48, 0x01, 0xfb, 0xc5, 0xfa, 0x7e, 0xd2, 0x49, 0xf7, 0xdc, 0x66, 0x90,
    0xc4, 0xa1, 0x7d, 0x10, 0x1c, 0xe1, 0xc4, 0xa1, 0x65, 0x59, 0x1c, 0xe2, 0xc4, 0xe3, 0xfd, 0x01,
    0xdb, 0x1b, 0xc5, 0xed, 0x5c, 0xd3, 0x49, 0x83, 0xc4, 0xfc, 0x4d, 0x39, 0xe7, 0x75, 0xe1, 0xc4,
    0xe3, 0x7d, 0x19, 0xd3, 0x01, 0xc5, 0xe9, 0x58, 0xd3, 0xc5, 0xe9, 0xc6, 0xda, 0x01, 0xc5, 0xeb,
    0x58, 0xd3, 0x49, 0x39, 0xfe, 0x4c, 0x8b, 0xa4, 0x24, 0x80, 0x01, 0x00, 0x00, 0x74, 0x2a, 0x48,
    0x8d, 0x3c, 0xdd, 0x00, 0x00, 0x00, 0x00, 0x48, 0xf7, 0xdf, 0x66, 0x0f, 0x1f, 0x44, 0x00, 0x00,
    0xc4, 0xc1, 0x7b, 0x10, 0x5c, 0x3d, 0x00, 0xc4, 0xc2, 0xe1, 0xbd, 0x14, 0x39, 0x48, 0xff, 0xc3,
    0x48, 0x83, 0xc7, 0xf8, 0x4c, 0x39, 0xe3, 0x72, 0xe7, 0x48, 0x89, 0xf7, 0x48, 0x0f, 0xaf, 0x7c,
    0x24, 0x48, 0x48, 0x8b, 0x9c, 0x24, 0x70, 0x01, 0x00, 0x00, 0xc5, 0xfb, 0x10, 0x1c, 0xfb, 0xc5,
    0xe1, 0x54, 0xe1, 0xc5, 0xf9, 0x2e, 0xe0, 0x76, 0x47, 0x48, 0xf7, 0xde, 0xc5, 0xeb, 0x5e, 0xd3,
    0xc4, 0xc1, 0x7b, 0x11, 0x54, 0xf5, 0x00, 0x49, 0xff, 0xc3, 0x49, 0xff, 0xca, 0x48, 0xff, 0x44,
    0x24, 0x58, 0x48, 0x83, 0xc1, 0x08, 0x4c, 0x01, 0xc2, 0x4c, 0x03, 0x4c, 0x24, 0x30, 0x4d, 0x39,
    0xe3, 0x0f, 0x85, 0xf9, 0xfd, 0xff, 0xff, 0xeb, 0x10, 0x4c, 0x01, 0xe3, 0x4c, 0x8b, 0xa4, 0x24,
    0x80, 0x01, 0x00, 0x00, 0xe9, 0x76, 0xff, 0xff, 0xff, 0xb8, 0x01, 0x00, 0x00, 0x00, 0xeb, 0x02,
    0x31, 0xc0, 0xc5, 0xf8, 0x28, 0xb4, 0x24, 0xb0, 0x00, 0x00, 0x00, 0xc5, 0xf8, 0x28, 0xbc, 0x24,
    0xc0, 0x00, 0x00, 0x00, 0xc5, 0x78, 0x28, 0x84, 0x24, 0xd0, 0x00, 0x00, 0x00, 0xc5, 0x78, 0x28,
    0x8c, 0x24, 0xe0, 0x00, 0x00, 0x00, 0xc5, 0x78, 0x28, 0x94, 0x24, 0xf0, 0x00, 0x00, 0x00, 0x48,
    0x81, 0xc4, 0x08, 0x01, 0x00, 0x00, 0x5b, 0x5d, 0x5f, 0x5e, 0x41, 0x5c, 0x41, 0x5d, 0x41, 0x5e,
    0x41, 0x5f, 0xc5, 0xf8, 0x77, 0xc3, 0x00, 0x00, 0x00, 0x00, 0x00, 0x00, 0x00, 0x00, 0x00, 0x00,
    0x00, 0x00, 0x2e, 0x69, 0x00, 0x00, 0x01, 0x00, 0x00, 0x00, 0x07, 0x00, 0x00, 0x00, 0x07, 0x00,
    0x00, 0x00, 0x39, 0x69, 0x00, 0x00, 0x55, 0x69, 0x00, 0x00, 0x71, 0x69, 0x00, 0x00, 0x66, 0x61,
    0x63, 0x74, 0x6f, 0x72, 0x2e, 0x65, 0x78, 0x65, 0x00, 0x00, 0x2b, 0x00, 0x00, 0x90, 0x1d, 0x00,
    0x00, 0xc0, 0x59, 0x00, 0x00, 0xc0, 0x4a, 0x00, 0x00, 0x60, 0x3c, 0x00, 0x00, 0x60, 0x1d, 0x00,
    0x00, 0x00, 0x10, 0x00, 0x00, 0x7f, 0x69, 0x00, 0x00, 0x93, 0x69, 0x00, 0x00, 0xa4, 0x69, 0x00,
    0x00, 0xba, 0x69, 0x00, 0x00, 0xc8, 0x69, 0x00, 0x00, 0xd3, 0x69, 0x00, 0x00, 0xe4, 0x69, 0x00,
    0x00, 0x00, 0x00, 0x01, 0x00, 0x02, 0x00, 0x03, 0x00, 0x04, 0x00, 0x05, 0x00, 0x06, 0x00, 0x76,
    0x6b, 0x66, 0x5f, 0x63, 0x68, 0x6f, 0x6c, 0x65, 0x73, 0x6b, 0x79, 0x5f, 0x39, 0x36, 0x5f, 0x78,
    0x36, 0x34, 0x00, 0x76, 0x6b, 0x66, 0x5f, 0x63, 0x68, 0x6f, 0x6c, 0x65, 0x73, 0x6b, 0x79, 0x5f,
    0x78, 0x36, 0x34, 0x00, 0x76, 0x6b, 0x66, 0x5f, 0x6c, 0x65, 0x61, 0x73, 0x74, 0x5f, 0x73, 0x71,
    0x75, 0x61, 0x72, 0x65, 0x73, 0x5f, 0x78, 0x36, 0x34, 0x00, 0x76, 0x6b, 0x66, 0x5f, 0x6c, 0x75,
    0x5f, 0x39, 0x36, 0x5f, 0x78, 0x36, 0x34, 0x00, 0x76, 0x6b, 0x66, 0x5f, 0x6c, 0x75, 0x5f, 0x78,
    0x36, 0x34, 0x00, 0x76, 0x6b, 0x66, 0x5f, 0x73, 0x6f, 0x6c, 0x76, 0x65, 0x5f, 0x39, 0x36, 0x5f,
    0x78, 0x36, 0x34, 0x00, 0x76, 0x6b, 0x66, 0x5f, 0x73, 0x6f, 0x6c, 0x76, 0x65, 0x5f, 0x78, 0x36,
    0x34, 0x00, 0xcc, 0xcc, 0xcc, 0xcc, 0xcc, 0xcc, 0xcc, 0xcc, 0xcc, 0xcc, 0xcc, 0xcc, 0xcc, 0xcc,
    0xff, 0xff, 0xff, 0xff, 0xff, 0xff, 0xff, 0x7f, 0xff, 0xff, 0xff, 0xff, 0xff, 0xff, 0xff, 0x7f,
    0x00, 0x00, 0x00, 0x00, 0x00, 0x00, 0xf0, 0x3f, 0xff, 0xff, 0xff, 0xff, 0xff, 0xff, 0xff, 0x7f,
    0x00, 0x00, 0x30, 0x43, 0x00, 0x00, 0x30, 0x45, 0x00, 0x00, 0x00, 0x00, 0x00, 0x00, 0x00, 0x00,
    0x00, 0x00, 0x00, 0x00, 0x00, 0x00, 0x30, 0x43, 0x00, 0x00, 0x00, 0x00, 0x00, 0x00, 0x30, 0x45,
    0x00, 0x00, 0x00, 0x00, 0x00, 0x00, 0x00, 0x80, 0x00, 0x00, 0x00, 0x00, 0x00, 0x00, 0x00, 0x80,
    0x00, 0x00, 0x00, 0x00, 0x00, 0x00, 0x00, 0x80,
};

}  // namespace vkf::native_kernels